session_id,stage_name,stage_index,stage_trial_index,stage_trial_count,trial_id,img_id,img_path,filter_left,filter_right,selected_filter,reaction_time_ms
82c3dff5-0f0d-4d23-88d7-53380af61fe6,arousal,1,1,45,16,N027,./images/N027.jpg,filter-sutro,filter-juno,filter-sutro,12385
82c3dff5-0f0d-4d23-88d7-53380af61fe6,arousal,1,2,45,34,N040,./images/N040.jpg,filter-lofi,filter-moon,filter-moon,6696
82c3dff5-0f0d-4d23-88d7-53380af61fe6,arousal,1,3,45,12,N030,./images/N030.jpg,filter-juno,filter-lark,filter-lark,7017
82c3dff5-0f0d-4d23-88d7-53380af61fe6,arousal,1,4,45,43,N097,./images/N097.jpg,filter-clarendon,filter-lark,filter-clarendon,12536
82c3dff5-0f0d-4d23-88d7-53380af61fe6,arousal,1,5,45,10,N085,./images/N085.jpg,filter-hudson,filter-juno,filter-hudson,35503
82c3dff5-0f0d-4d23-88d7-53380af61fe6,arousal,1,6,45,32,N102,./images/N102.jpg,filter-gingham,filter-lark,filter-lark,5437
82c3dff5-0f0d-4d23-88d7-53380af61fe6,arousal,1,7,45,6,N108,./images/N108.jpg,filter-inkwell,filter-gingham,filter-gingham,3189
82c3dff5-0f0d-4d23-88d7-53380af61fe6,arousal,1,8,45,18,N020,./images/N020.jpg,filter-hudson,filter-sutro,filter-hudson,1481
82c3dff5-0f0d-4d23-88d7-53380af61fe6,arousal,1,9,45,1,N020,./images/N020.jpg,filter-gingham,filter-hudson,filter-gingham,2857
82c3dff5-0f0d-4d23-88d7-53380af61fe6,arousal,1,10,45,20,N088,./images/N088.jpg,filter-inkwell,filter-lofi,filter-inkwell,2002
82c3dff5-0f0d-4d23-88d7-53380af61fe6,arousal,1,11,45,39,N088,./images/N088.jpg,filter-1977,filter-inkwell,filter-inkwell,2501
82c3dff5-0f0d-4d23-88d7-53380af61fe6,arousal,1,12,45,40,N102,./images/N102.jpg,filter-inkwell,filter-clarendon,filter-clarendon,1834
82c3dff5-0f0d-4d23-88d7-53380af61fe6,arousal,1,13,45,5,N108,./images/N108.jpg,filter-1977,filter-clarendon,filter-clarendon,1428
82c3dff5-0f0d-4d23-88d7-53380af61fe6,arousal,1,14,45,28,N085,./images/N085.jpg,filter-hudson,filter-lark,filter-lark,5940
82c3dff5-0f0d-4d23-88d7-53380af61fe6,arousal,1,15,45,23,N095,./images/N095.jpg,filter-lark,filter-1977,filter-lark,2635
82c3dff5-0f0d-4d23-88d7-53380af61fe6,arousal,1,16,45,22,N096,./images/N096.jpg,filter-lark,filter-lofi,filter-lark,2268
82c3dff5-0f0d-4d23-88d7-53380af61fe6,arousal,1,17,45,4,N093,./images/N093.jpg,filter-moon,filter-inkwell,filter-moon,8369
82c3dff5-0f0d-4d23-88d7-53380af61fe6,arousal,1,18,45,11,N040,./images/N040.jpg,filter-juno,filter-gingham,filter-juno,1571
82c3dff5-0f0d-4d23-88d7-53380af61fe6,arousal,1,19,45,31,N096,./images/N096.jpg,filter-hudson,filter-inkwell,filter-hudson,2828
82c3dff5-0f0d-4d23-88d7-53380af61fe6,arousal,1,20,45,3,N022,./images/N022.jpg,filter-lofi,filter-hudson,filter-lofi,1632
82c3dff5-0f0d-4d23-88d7-53380af61fe6,arousal,1,21,45,13,N014,./images/N014.jpg,filter-moon,filter-sutro,filter-moon,3450
82c3dff5-0f0d-4d23-88d7-53380af61fe6,arousal,1,22,45,7,N043,./images/N043.jpg,filter-hudson,filter-moon,filter-hudson,2337
82c3dff5-0f0d-4d23-88d7-53380af61fe6,arousal,1,23,45,45,N077,./images/N077.jpg,filter-clarendon,filter-moon,filter-clarendon,1072
82c3dff5-0f0d-4d23-88d7-53380af61fe6,arousal,1,24,45,29,N017,./images/N017.jpg,filter-sutro,filter-1977,filter-1977,3362
82c3dff5-0f0d-4d23-88d7-53380af61fe6,arousal,1,25,45,35,N017,./images/N017.jpg,filter-1977,filter-lofi,filter-lofi,17613
82c3dff5-0f0d-4d23-88d7-53380af61fe6,arousal,1,26,45,14,N030,./images/N030.jpg,filter-lofi,filter-juno,filter-juno,1017
82c3dff5-0f0d-4d23-88d7-53380af61fe6,arousal,1,27,45,21,N097,./images/N097.jpg,filter-clarendon,filter-sutro,filter-clarendon,946
82c3dff5-0f0d-4d23-88d7-53380af61fe6,arousal,1,28,45,36,N031,./images/N031.jpg,filter-sutro,filter-gingham,filter-gingham,1537
82c3dff5-0f0d-4d23-88d7-53380af61fe6,arousal,1,29,45,25,N095,./images/N095.jpg,filter-lark,filter-inkwell,filter-lark,671
82c3dff5-0f0d-4d23-88d7-53380af61fe6,arousal,1,30,45,37,N108,./images/N108.jpg,filter-sutro,filter-lark,filter-lark,817
82c3dff5-0f0d-4d23-88d7-53380af61fe6,arousal,1,31,45,9,N022,./images/N022.jpg,filter-clarendon,filter-hudson,filter-clarendon,1930
82c3dff5-0f0d-4d23-88d7-53380af61fe6,arousal,1,32,45,17,N023,./images/N023.jpg,filter-lofi,filter-gingham,filter-lofi,2767
82c3dff5-0f0d-4d23-88d7-53380af61fe6,arousal,1,33,45,2,N014,./images/N014.jpg,filter-gingham,filter-clarendon,filter-clarendon,2219
82c3dff5-0f0d-4d23-88d7-53380af61fe6,arousal,1,34,45,44,N077,./images/N077.jpg,filter-juno,filter-inkwell,filter-juno,925
82c3dff5-0f0d-4d23-88d7-53380af61fe6,arousal,1,35,45,33,N031,./images/N031.jpg,filter-lofi,filter-clarendon,filter-clarendon,1082
82c3dff5-0f0d-4d23-88d7-53380af61fe6,arousal,1,36,45,8,N002,./images/N002.jpg,filter-gingham,filter-moon,filter-gingham,1882
82c3dff5-0f0d-4d23-88d7-53380af61fe6,arousal,1,37,45,38,N023,./images/N023.jpg,filter-lofi,filter-sutro,filter-lofi,1356
82c3dff5-0f0d-4d23-88d7-53380af61fe6,arousal,1,38,45,30,N097,./images/N097.jpg,filter-moon,filter-1977,filter-1977,1949
82c3dff5-0f0d-4d23-88d7-53380af61fe6,arousal,1,39,45,27,N027,./images/N027.jpg,filter-lark,filter-moon,filter-lark,1050
82c3dff5-0f0d-4d23-88d7-53380af61fe6,arousal,1,40,45,15,N093,./images/N093.jpg,filter-moon,filter-juno,filter-juno,935
82c3dff5-0f0d-4d23-88d7-53380af61fe6,arousal,1,41,45,19,N040,./images/N040.jpg,filter-juno,filter-clarendon,filter-juno,2451
82c3dff5-0f0d-4d23-88d7-53380af61fe6,arousal,1,42,45,24,N096,./images/N096.jpg,filter-juno,filter-1977,filter-juno,1282
82c3dff5-0f0d-4d23-88d7-53380af61fe6,arousal,1,43,45,26,N030,./images/N030.jpg,filter-1977,filter-hudson,filter-hudson,3777
82c3dff5-0f0d-4d23-88d7-53380af61fe6,arousal,1,44,45,41,N043,./images/N043.jpg,filter-inkwell,filter-sutro,filter-sutro,1185
82c3dff5-0f0d-4d23-88d7-53380af61fe6,arousal,1,45,45,42,N002,./images/N002.jpg,filter-1977,filter-gingham,filter-gingham,1738
82c3dff5-0f0d-4d23-88d7-53380af61fe6,valence,2,1,45,12,N088,./images/N088.jpg,filter-sutro,filter-gingham,filter-gingham,2827
82c3dff5-0f0d-4d23-88d7-53380af61fe6,valence,2,2,45,32,N043,./images/N043.jpg,filter-clarendon,filter-juno,filter-juno,2110
82c3dff5-0f0d-4d23-88d7-53380af61fe6,valence,2,3,45,1,N027,./images/N027.jpg,filter-sutro,filter-hudson,filter-hudson,1749
82c3dff5-0f0d-4d23-88d7-53380af61fe6,valence,2,4,45,17,N014,./images/N014.jpg,filter-sutro,filter-clarendon,filter-sutro,3147
82c3dff5-0f0d-4d23-88d7-53380af61fe6,valence,2,5,45,37,N097,./images/N097.jpg,filter-juno,filter-moon,filter-juno,1235
82c3dff5-0f0d-4d23-88d7-53380af61fe6,valence,2,6,45,28,N095,./images/N095.jpg,filter-1977,filter-gingham,filter-gingham,1219
82c3dff5-0f0d-4d23-88d7-53380af61fe6,valence,2,7,45,11,N108,./images/N108.jpg,filter-1977,filter-lark,filter-lark,17836
82c3dff5-0f0d-4d23-88d7-53380af61fe6,valence,2,8,45,23,N108,./images/N108.jpg,filter-gingham,filter-moon,filter-gingham,1462
82c3dff5-0f0d-4d23-88d7-53380af61fe6,valence,2,9,45,22,N085,./images/N085.jpg,filter-lark,filter-lofi,filter-lofi,4178
82c3dff5-0f0d-4d23-88d7-53380af61fe6,valence,2,10,45,36,N030,./images/N030.jpg,filter-1977,filter-clarendon,filter-clarendon,777
82c3dff5-0f0d-4d23-88d7-53380af61fe6,valence,2,11,45,4,N040,./images/N040.jpg,filter-hudson,filter-juno,filter-juno,1007
82c3dff5-0f0d-4d23-88d7-53380af61fe6,valence,2,12,45,10,N022,./images/N022.jpg,filter-clarendon,filter-hudson,filter-clarendon,941
82c3dff5-0f0d-4d23-88d7-53380af61fe6,valence,2,13,45,43,N020,./images/N020.jpg,filter-juno,filter-gingham,filter-juno,2013
82c3dff5-0f0d-4d23-88d7-53380af61fe6,valence,2,14,45,19,N017,./images/N017.jpg,filter-inkwell,filter-moon,filter-moon,1179
82c3dff5-0f0d-4d23-88d7-53380af61fe6,valence,2,15,45,30,N031,./images/N031.jpg,filter-sutro,filter-1977,filter-1977,4557
82c3dff5-0f0d-4d23-88d7-53380af61fe6,valence,2,16,45,8,N023,./images/N023.jpg,filter-clarendon,filter-moon,filter-clarendon,729
82c3dff5-0f0d-4d23-88d7-53380af61fe6,valence,2,17,45,25,N022,./images/N022.jpg,filter-inkwell,filter-gingham,filter-gingham,613
82c3dff5-0f0d-4d23-88d7-53380af61fe6,valence,2,18,45,16,N097,./images/N097.jpg,filter-juno,filter-lofi,filter-juno,2249
82c3dff5-0f0d-4d23-88d7-53380af61fe6,valence,2,19,45,27,N014,./images/N014.jpg,filter-moon,filter-lofi,filter-lofi,722
82c3dff5-0f0d-4d23-88d7-53380af61fe6,valence,2,20,45,21,N095,./images/N095.jpg,filter-moon,filter-1977,filter-1977,788
82c3dff5-0f0d-4d23-88d7-53380af61fe6,valence,2,21,45,29,N085,./images/N085.jpg,filter-lofi,filter-clarendon,filter-lofi,2288
82c3dff5-0f0d-4d23-88d7-53380af61fe6,valence,2,22,45,2,N030,./images/N030.jpg,filter-juno,filter-sutro,filter-juno,1070
82c3dff5-0f0d-4d23-88d7-53380af61fe6,valence,2,23,45,33,N002,./images/N002.jpg,filter-lark,filter-inkwell,filter-lark,807
82c3dff5-0f0d-4d23-88d7-53380af61fe6,valence,2,24,45,44,N085,./images/N085.jpg,filter-lofi,filter-1977,filter-lofi,2953
82c3dff5-0f0d-4d23-88d7-53380af61fe6,valence,2,25,45,45,N088,./images/N088.jpg,filter-hudson,filter-inkwell,filter-hudson,2298
82c3dff5-0f0d-4d23-88d7-53380af61fe6,valence,2,26,45,26,N096,./images/N096.jpg,filter-gingham,filter-lofi,filter-lofi,1020
82c3dff5-0f0d-4d23-88d7-53380af61fe6,valence,2,27,45,40,N017,./images/N017.jpg,filter-gingham,filter-lark,filter-lark,825
82c3dff5-0f0d-4d23-88d7-53380af61fe6,valence,2,28,45,38,N031,./images/N031.jpg,filter-lark,filter-juno,filter-juno,9268
82c3dff5-0f0d-4d23-88d7-53380af61fe6,valence,2,29,45,39,N102,./images/N102.jpg,filter-inkwell,filter-juno,filter-juno,1011
82c3dff5-0f0d-4d23-88d7-53380af61fe6,valence,2,30,45,31,N022,./images/N022.jpg,filter-1977,filter-inkwell,filter-1977,768
82c3dff5-0f0d-4d23-88d7-53380af61fe6,valence,2,31,45,9,N093,./images/N093.jpg,filter-lofi,filter-hudson,filter-hudson,2386
82c3dff5-0f0d-4d23-88d7-53380af61fe6,valence,2,32,45,42,N040,./images/N040.jpg,filter-gingham,filter-hudson,filter-hudson,1565
82c3dff5-0f0d-4d23-88d7-53380af61fe6,valence,2,33,45,5,N002,./images/N002.jpg,filter-inkwell,filter-clarendon,filter-clarendon,824
82c3dff5-0f0d-4d23-88d7-53380af61fe6,valence,2,34,45,41,N095,./images/N095.jpg,filter-moon,filter-hudson,filter-hudson,661
82c3dff5-0f0d-4d23-88d7-53380af61fe6,valence,2,35,45,24,N102,./images/N102.jpg,filter-inkwell,filter-sutro,filter-sutro,1964
82c3dff5-0f0d-4d23-88d7-53380af61fe6,valence,2,36,45,6,N096,./images/N096.jpg,filter-juno,filter-1977,filter-juno,1455
82c3dff5-0f0d-4d23-88d7-53380af61fe6,valence,2,37,45,35,N020,./images/N020.jpg,filter-hudson,filter-lark,filter-lark,934
82c3dff5-0f0d-4d23-88d7-53380af61fe6,valence,2,38,45,3,N077,./images/N077.jpg,filter-lark,filter-clarendon,filter-clarendon,777
82c3dff5-0f0d-4d23-88d7-53380af61fe6,valence,2,39,45,13,N096,./images/N096.jpg,filter-hudson,filter-1977,filter-hudson,701
82c3dff5-0f0d-4d23-88d7-53380af61fe6,valence,2,40,45,18,N093,./images/N093.jpg,filter-clarendon,filter-gingham,filter-gingham,2798
82c3dff5-0f0d-4d23-88d7-53380af61fe6,valence,2,41,45,7,N093,./images/N093.jpg,filter-moon,filter-lark,filter-lark,941
82c3dff5-0f0d-4d23-88d7-53380af61fe6,valence,2,42,45,15,N027,./images/N027.jpg,filter-lark,filter-sutro,filter-lark,937
82c3dff5-0f0d-4d23-88d7-53380af61fe6,valence,2,43,45,34,N077,./images/N077.jpg,filter-sutro,filter-moon,filter-sutro,1291
82c3dff5-0f0d-4d23-88d7-53380af61fe6,valence,2,44,45,14,N023,./images/N023.jpg,filter-lofi,filter-sutro,filter-lofi,740
82c3dff5-0f0d-4d23-88d7-53380af61fe6,valence,2,45,45,20,N043,./images/N043.jpg,filter-lofi,filter-inkwell,filter-lofi,1872
1d840198-aa7a-49fd-b7bf-d0fbf78a4db0,valence,1,1,45,36,N030,./images/N030.jpg,filter-1977,filter-clarendon,filter-clarendon,3291
1d840198-aa7a-49fd-b7bf-d0fbf78a4db0,valence,1,2,45,1,N027,./images/N027.jpg,filter-sutro,filter-hudson,filter-hudson,1500
1d840198-aa7a-49fd-b7bf-d0fbf78a4db0,valence,1,3,45,21,N095,./images/N095.jpg,filter-moon,filter-1977,filter-1977,3014
1d840198-aa7a-49fd-b7bf-d0fbf78a4db0,valence,1,4,45,39,N102,./images/N102.jpg,filter-inkwell,filter-juno,filter-juno,3573
1d840198-aa7a-49fd-b7bf-d0fbf78a4db0,valence,1,5,45,42,N040,./images/N040.jpg,filter-gingham,filter-hudson,filter-gingham,2213
1d840198-aa7a-49fd-b7bf-d0fbf78a4db0,valence,1,6,45,7,N093,./images/N093.jpg,filter-moon,filter-lark,filter-lark,1327
1d840198-aa7a-49fd-b7bf-d0fbf78a4db0,valence,1,7,45,30,N031,./images/N031.jpg,filter-sutro,filter-1977,filter-sutro,1256
1d840198-aa7a-49fd-b7bf-d0fbf78a4db0,valence,1,8,45,5,N002,./images/N002.jpg,filter-inkwell,filter-clarendon,filter-clarendon,1991
1d840198-aa7a-49fd-b7bf-d0fbf78a4db0,valence,1,9,45,43,N020,./images/N020.jpg,filter-juno,filter-gingham,filter-juno,1706
1d840198-aa7a-49fd-b7bf-d0fbf78a4db0,valence,1,10,45,3,N077,./images/N077.jpg,filter-lark,filter-clarendon,filter-clarendon,1469
1d840198-aa7a-49fd-b7bf-d0fbf78a4db0,valence,1,11,45,45,N088,./images/N088.jpg,filter-hudson,filter-inkwell,filter-inkwell,1901
1d840198-aa7a-49fd-b7bf-d0fbf78a4db0,valence,1,12,45,8,N023,./images/N023.jpg,filter-clarendon,filter-moon,filter-clarendon,2786
1d840198-aa7a-49fd-b7bf-d0fbf78a4db0,valence,1,13,45,40,N017,./images/N017.jpg,filter-gingham,filter-lark,filter-lark,1190
1d840198-aa7a-49fd-b7bf-d0fbf78a4db0,valence,1,14,45,44,N085,./images/N085.jpg,filter-lofi,filter-1977,filter-lofi,1031
1d840198-aa7a-49fd-b7bf-d0fbf78a4db0,valence,1,15,45,35,N020,./images/N020.jpg,filter-hudson,filter-lark,filter-lark,2698
1d840198-aa7a-49fd-b7bf-d0fbf78a4db0,valence,1,16,45,23,N108,./images/N108.jpg,filter-gingham,filter-moon,filter-gingham,1740
1d840198-aa7a-49fd-b7bf-d0fbf78a4db0,valence,1,17,45,41,N095,./images/N095.jpg,filter-moon,filter-hudson,filter-hudson,728
1d840198-aa7a-49fd-b7bf-d0fbf78a4db0,valence,1,18,45,32,N043,./images/N043.jpg,filter-clarendon,filter-juno,filter-juno,2144
1d840198-aa7a-49fd-b7bf-d0fbf78a4db0,valence,1,19,45,17,N014,./images/N014.jpg,filter-sutro,filter-clarendon,filter-sutro,1250
1d840198-aa7a-49fd-b7bf-d0fbf78a4db0,valence,1,20,45,2,N030,./images/N030.jpg,filter-juno,filter-sutro,filter-juno,922
1d840198-aa7a-49fd-b7bf-d0fbf78a4db0,valence,1,21,45,27,N014,./images/N014.jpg,filter-moon,filter-lofi,filter-lofi,1187
1d840198-aa7a-49fd-b7bf-d0fbf78a4db0,valence,1,22,45,31,N022,./images/N022.jpg,filter-1977,filter-inkwell,filter-1977,1168
1d840198-aa7a-49fd-b7bf-d0fbf78a4db0,valence,1,23,45,25,N022,./images/N022.jpg,filter-inkwell,filter-gingham,filter-gingham,1124
1d840198-aa7a-49fd-b7bf-d0fbf78a4db0,valence,1,24,45,33,N002,./images/N002.jpg,filter-lark,filter-inkwell,filter-lark,707
1d840198-aa7a-49fd-b7bf-d0fbf78a4db0,valence,1,25,45,20,N043,./images/N043.jpg,filter-lofi,filter-inkwell,filter-lofi,919
1d840198-aa7a-49fd-b7bf-d0fbf78a4db0,valence,1,26,45,10,N022,./images/N022.jpg,filter-clarendon,filter-hudson,filter-clarendon,1244
1d840198-aa7a-49fd-b7bf-d0fbf78a4db0,valence,1,27,45,9,N093,./images/N093.jpg,filter-lofi,filter-hudson,filter-hudson,2036
1d840198-aa7a-49fd-b7bf-d0fbf78a4db0,valence,1,28,45,15,N027,./images/N027.jpg,filter-lark,filter-sutro,filter-lark,1008
1d840198-aa7a-49fd-b7bf-d0fbf78a4db0,valence,1,29,45,34,N077,./images/N077.jpg,filter-sutro,filter-moon,filter-sutro,1011
1d840198-aa7a-49fd-b7bf-d0fbf78a4db0,valence,1,30,45,26,N096,./images/N096.jpg,filter-gingham,filter-lofi,filter-lofi,975
1d840198-aa7a-49fd-b7bf-d0fbf78a4db0,valence,1,31,45,29,N085,./images/N085.jpg,filter-lofi,filter-clarendon,filter-clarendon,1359
1d840198-aa7a-49fd-b7bf-d0fbf78a4db0,valence,1,32,45,24,N102,./images/N102.jpg,filter-inkwell,filter-sutro,filter-sutro,1415
1d840198-aa7a-49fd-b7bf-d0fbf78a4db0,valence,1,33,45,11,N108,./images/N108.jpg,filter-1977,filter-lark,filter-lark,930
1d840198-aa7a-49fd-b7bf-d0fbf78a4db0,valence,1,34,45,19,N017,./images/N017.jpg,filter-inkwell,filter-moon,filter-inkwell,2304
1d840198-aa7a-49fd-b7bf-d0fbf78a4db0,valence,1,35,45,16,N097,./images/N097.jpg,filter-juno,filter-lofi,filter-lofi,3428
1d840198-aa7a-49fd-b7bf-d0fbf78a4db0,valence,1,36,45,14,N023,./images/N023.jpg,filter-lofi,filter-sutro,filter-sutro,2956
1d840198-aa7a-49fd-b7bf-d0fbf78a4db0,valence,1,37,45,13,N096,./images/N096.jpg,filter-hudson,filter-1977,filter-hudson,842
1d840198-aa7a-49fd-b7bf-d0fbf78a4db0,valence,1,38,45,38,N031,./images/N031.jpg,filter-lark,filter-juno,filter-lark,1107
1d840198-aa7a-49fd-b7bf-d0fbf78a4db0,valence,1,39,45,37,N097,./images/N097.jpg,filter-juno,filter-moon,filter-juno,856
1d840198-aa7a-49fd-b7bf-d0fbf78a4db0,valence,1,40,45,28,N095,./images/N095.jpg,filter-1977,filter-gingham,filter-gingham,1864
1d840198-aa7a-49fd-b7bf-d0fbf78a4db0,valence,1,41,45,6,N096,./images/N096.jpg,filter-juno,filter-1977,filter-juno,1168
1d840198-aa7a-49fd-b7bf-d0fbf78a4db0,valence,1,42,45,18,N093,./images/N093.jpg,filter-clarendon,filter-gingham,filter-gingham,829
1d840198-aa7a-49fd-b7bf-d0fbf78a4db0,valence,1,43,45,12,N088,./images/N088.jpg,filter-sutro,filter-gingham,filter-gingham,1043
1d840198-aa7a-49fd-b7bf-d0fbf78a4db0,valence,1,44,45,22,N085,./images/N085.jpg,filter-lark,filter-lofi,filter-lark,1100
1d840198-aa7a-49fd-b7bf-d0fbf78a4db0,valence,1,45,45,4,N040,./images/N040.jpg,filter-hudson,filter-juno,filter-hudson,1234
1d840198-aa7a-49fd-b7bf-d0fbf78a4db0,arousal,2,1,45,12,N030,./images/N030.jpg,filter-juno,filter-lark,filter-lark,2787
1d840198-aa7a-49fd-b7bf-d0fbf78a4db0,arousal,2,2,45,39,N088,./images/N088.jpg,filter-1977,filter-inkwell,filter-inkwell,850
1d840198-aa7a-49fd-b7bf-d0fbf78a4db0,arousal,2,3,45,15,N093,./images/N093.jpg,filter-moon,filter-juno,filter-juno,1268
1d840198-aa7a-49fd-b7bf-d0fbf78a4db0,arousal,2,4,45,24,N096,./images/N096.jpg,filter-juno,filter-1977,filter-1977,2136
1d840198-aa7a-49fd-b7bf-d0fbf78a4db0,arousal,2,5,45,4,N093,./images/N093.jpg,filter-moon,filter-inkwell,filter-moon,1560
1d840198-aa7a-49fd-b7bf-d0fbf78a4db0,arousal,2,6,45,10,N085,./images/N085.jpg,filter-hudson,filter-juno,filter-hudson,787
1d840198-aa7a-49fd-b7bf-d0fbf78a4db0,arousal,2,7,45,40,N102,./images/N102.jpg,filter-inkwell,filter-clarendon,filter-clarendon,1265
1d840198-aa7a-49fd-b7bf-d0fbf78a4db0,arousal,2,8,45,28,N085,./images/N085.jpg,filter-hudson,filter-lark,filter-lark,1796
1d840198-aa7a-49fd-b7bf-d0fbf78a4db0,arousal,2,9,45,25,N095,./images/N095.jpg,filter-lark,filter-inkwell,filter-lark,1353
1d840198-aa7a-49fd-b7bf-d0fbf78a4db0,arousal,2,10,45,36,N031,./images/N031.jpg,filter-sutro,filter-gingham,filter-sutro,1975
1d840198-aa7a-49fd-b7bf-d0fbf78a4db0,arousal,2,11,45,42,N002,./images/N002.jpg,filter-1977,filter-gingham,filter-1977,1222
1d840198-aa7a-49fd-b7bf-d0fbf78a4db0,arousal,2,12,45,14,N030,./images/N030.jpg,filter-lofi,filter-juno,filter-lofi,1306
1d840198-aa7a-49fd-b7bf-d0fbf78a4db0,arousal,2,13,45,27,N027,./images/N027.jpg,filter-lark,filter-moon,filter-lark,1132
1d840198-aa7a-49fd-b7bf-d0fbf78a4db0,arousal,2,14,45,21,N097,./images/N097.jpg,filter-clarendon,filter-sutro,filter-clarendon,1177
1d840198-aa7a-49fd-b7bf-d0fbf78a4db0,arousal,2,15,45,13,N014,./images/N014.jpg,filter-moon,filter-sutro,filter-sutro,1753
1d840198-aa7a-49fd-b7bf-d0fbf78a4db0,arousal,2,16,45,44,N077,./images/N077.jpg,filter-juno,filter-inkwell,filter-juno,1223
1d840198-aa7a-49fd-b7bf-d0fbf78a4db0,arousal,2,17,45,35,N017,./images/N017.jpg,filter-1977,filter-lofi,filter-1977,2586
1d840198-aa7a-49fd-b7bf-d0fbf78a4db0,arousal,2,18,45,1,N020,./images/N020.jpg,filter-gingham,filter-hudson,filter-gingham,1199
1d840198-aa7a-49fd-b7bf-d0fbf78a4db0,arousal,2,19,45,3,N022,./images/N022.jpg,filter-lofi,filter-hudson,filter-lofi,1739
1d840198-aa7a-49fd-b7bf-d0fbf78a4db0,arousal,2,20,45,43,N097,./images/N097.jpg,filter-clarendon,filter-lark,filter-lark,1136
1d840198-aa7a-49fd-b7bf-d0fbf78a4db0,arousal,2,21,45,34,N040,./images/N040.jpg,filter-lofi,filter-moon,filter-moon,1336
1d840198-aa7a-49fd-b7bf-d0fbf78a4db0,arousal,2,22,45,9,N022,./images/N022.jpg,filter-clarendon,filter-hudson,filter-hudson,1585
1d840198-aa7a-49fd-b7bf-d0fbf78a4db0,arousal,2,23,45,33,N031,./images/N031.jpg,filter-lofi,filter-clarendon,filter-clarendon,2224
1d840198-aa7a-49fd-b7bf-d0fbf78a4db0,arousal,2,24,45,2,N014,./images/N014.jpg,filter-gingham,filter-clarendon,filter-gingham,1662
1d840198-aa7a-49fd-b7bf-d0fbf78a4db0,arousal,2,25,45,31,N096,./images/N096.jpg,filter-hudson,filter-inkwell,filter-hudson,1044
1d840198-aa7a-49fd-b7bf-d0fbf78a4db0,arousal,2,26,45,22,N096,./images/N096.jpg,filter-lark,filter-lofi,filter-lark,1084
1d840198-aa7a-49fd-b7bf-d0fbf78a4db0,arousal,2,27,45,8,N002,./images/N002.jpg,filter-gingham,filter-moon,filter-gingham,966
1d840198-aa7a-49fd-b7bf-d0fbf78a4db0,arousal,2,28,45,30,N097,./images/N097.jpg,filter-moon,filter-1977,filter-1977,2090
1d840198-aa7a-49fd-b7bf-d0fbf78a4db0,arousal,2,29,45,6,N108,./images/N108.jpg,filter-inkwell,filter-gingham,filter-gingham,1953
1d840198-aa7a-49fd-b7bf-d0fbf78a4db0,arousal,2,30,45,41,N043,./images/N043.jpg,filter-inkwell,filter-sutro,filter-sutro,1426
1d840198-aa7a-49fd-b7bf-d0fbf78a4db0,arousal,2,31,45,5,N108,./images/N108.jpg,filter-1977,filter-clarendon,filter-clarendon,1359
1d840198-aa7a-49fd-b7bf-d0fbf78a4db0,arousal,2,32,45,7,N043,./images/N043.jpg,filter-hudson,filter-moon,filter-hudson,660
1d840198-aa7a-49fd-b7bf-d0fbf78a4db0,arousal,2,33,45,37,N108,./images/N108.jpg,filter-sutro,filter-lark,filter-sutro,956
1d840198-aa7a-49fd-b7bf-d0fbf78a4db0,arousal,2,34,45,17,N023,./images/N023.jpg,filter-lofi,filter-gingham,filter-lofi,1019
1d840198-aa7a-49fd-b7bf-d0fbf78a4db0,arousal,2,35,45,26,N030,./images/N030.jpg,filter-1977,filter-hudson,filter-1977,1168
1d840198-aa7a-49fd-b7bf-d0fbf78a4db0,arousal,2,36,45,32,N102,./images/N102.jpg,filter-gingham,filter-lark,filter-lark,749
1d840198-aa7a-49fd-b7bf-d0fbf78a4db0,arousal,2,37,45,16,N027,./images/N027.jpg,filter-sutro,filter-juno,filter-juno,951
1d840198-aa7a-49fd-b7bf-d0fbf78a4db0,arousal,2,38,45,11,N040,./images/N040.jpg,filter-juno,filter-gingham,filter-gingham,809
1d840198-aa7a-49fd-b7bf-d0fbf78a4db0,arousal,2,39,45,19,N040,./images/N040.jpg,filter-juno,filter-clarendon,filter-clarendon,919
1d840198-aa7a-49fd-b7bf-d0fbf78a4db0,arousal,2,40,45,20,N088,./images/N088.jpg,filter-inkwell,filter-lofi,filter-inkwell,1246
1d840198-aa7a-49fd-b7bf-d0fbf78a4db0,arousal,2,41,45,18,N020,./images/N020.jpg,filter-hudson,filter-sutro,filter-hudson,986
1d840198-aa7a-49fd-b7bf-d0fbf78a4db0,arousal,2,42,45,29,N017,./images/N017.jpg,filter-sutro,filter-1977,filter-sutro,1317
1d840198-aa7a-49fd-b7bf-d0fbf78a4db0,arousal,2,43,45,23,N095,./images/N095.jpg,filter-lark,filter-1977,filter-lark,739
1d840198-aa7a-49fd-b7bf-d0fbf78a4db0,arousal,2,44,45,45,N077,./images/N077.jpg,filter-clarendon,filter-moon,filter-clarendon,796
1d840198-aa7a-49fd-b7bf-d0fbf78a4db0,arousal,2,45,45,38,N023,./images/N023.jpg,filter-lofi,filter-sutro,filter-lofi,1448
b2053f8f-2c3e-4c49-85dc-b820a709970c,arousal,1,1,45,5,N108,./images/N108.jpg,filter-1977,filter-clarendon,filter-1977,6206
b2053f8f-2c3e-4c49-85dc-b820a709970c,arousal,1,2,45,6,N108,./images/N108.jpg,filter-inkwell,filter-gingham,filter-gingham,1761
b2053f8f-2c3e-4c49-85dc-b820a709970c,arousal,1,3,45,10,N085,./images/N085.jpg,filter-hudson,filter-juno,filter-juno,1312
b2053f8f-2c3e-4c49-85dc-b820a709970c,arousal,1,4,45,20,N088,./images/N088.jpg,filter-inkwell,filter-lofi,filter-lofi,1931
b2053f8f-2c3e-4c49-85dc-b820a709970c,arousal,1,5,45,42,N002,./images/N002.jpg,filter-1977,filter-gingham,filter-1977,1722
b2053f8f-2c3e-4c49-85dc-b820a709970c,arousal,1,6,45,27,N027,./images/N027.jpg,filter-lark,filter-moon,filter-lark,1105
b2053f8f-2c3e-4c49-85dc-b820a709970c,arousal,1,7,45,1,N020,./images/N020.jpg,filter-gingham,filter-hudson,filter-gingham,1386
b2053f8f-2c3e-4c49-85dc-b820a709970c,arousal,1,8,45,22,N096,./images/N096.jpg,filter-lark,filter-lofi,filter-lark,1910
b2053f8f-2c3e-4c49-85dc-b820a709970c,arousal,1,9,45,36,N031,./images/N031.jpg,filter-sutro,filter-gingham,filter-gingham,1756
b2053f8f-2c3e-4c49-85dc-b820a709970c,arousal,1,10,45,43,N097,./images/N097.jpg,filter-clarendon,filter-lark,filter-lark,3140
b2053f8f-2c3e-4c49-85dc-b820a709970c,arousal,1,11,45,32,N102,./images/N102.jpg,filter-gingham,filter-lark,filter-gingham,3202
b2053f8f-2c3e-4c49-85dc-b820a709970c,arousal,1,12,45,41,N043,./images/N043.jpg,filter-inkwell,filter-sutro,filter-sutro,1393
b2053f8f-2c3e-4c49-85dc-b820a709970c,arousal,1,13,45,24,N096,./images/N096.jpg,filter-juno,filter-1977,filter-juno,3503
b2053f8f-2c3e-4c49-85dc-b820a709970c,arousal,1,14,45,13,N014,./images/N014.jpg,filter-moon,filter-sutro,filter-sutro,1487
b2053f8f-2c3e-4c49-85dc-b820a709970c,arousal,1,15,45,33,N031,./images/N031.jpg,filter-lofi,filter-clarendon,filter-clarendon,2061
b2053f8f-2c3e-4c49-85dc-b820a709970c,arousal,1,16,45,40,N102,./images/N102.jpg,filter-inkwell,filter-clarendon,filter-clarendon,1517
b2053f8f-2c3e-4c49-85dc-b820a709970c,arousal,1,17,45,30,N097,./images/N097.jpg,filter-moon,filter-1977,filter-1977,1185
b2053f8f-2c3e-4c49-85dc-b820a709970c,arousal,1,18,45,11,N040,./images/N040.jpg,filter-juno,filter-gingham,filter-juno,2191
b2053f8f-2c3e-4c49-85dc-b820a709970c,arousal,1,19,45,8,N002,./images/N002.jpg,filter-gingham,filter-moon,filter-gingham,1753
b2053f8f-2c3e-4c49-85dc-b820a709970c,arousal,1,20,45,19,N040,./images/N040.jpg,filter-juno,filter-clarendon,filter-juno,1327
b2053f8f-2c3e-4c49-85dc-b820a709970c,arousal,1,21,45,28,N085,./images/N085.jpg,filter-hudson,filter-lark,filter-lark,830
b2053f8f-2c3e-4c49-85dc-b820a709970c,arousal,1,22,45,17,N023,./images/N023.jpg,filter-lofi,filter-gingham,filter-lofi,1545
b2053f8f-2c3e-4c49-85dc-b820a709970c,arousal,1,23,45,23,N095,./images/N095.jpg,filter-lark,filter-1977,filter-1977,1317
b2053f8f-2c3e-4c49-85dc-b820a709970c,arousal,1,24,45,25,N095,./images/N095.jpg,filter-lark,filter-inkwell,filter-lark,854
b2053f8f-2c3e-4c49-85dc-b820a709970c,arousal,1,25,45,44,N077,./images/N077.jpg,filter-juno,filter-inkwell,filter-juno,970
b2053f8f-2c3e-4c49-85dc-b820a709970c,arousal,1,26,45,45,N077,./images/N077.jpg,filter-clarendon,filter-moon,filter-clarendon,1430
b2053f8f-2c3e-4c49-85dc-b820a709970c,arousal,1,27,45,4,N093,./images/N093.jpg,filter-moon,filter-inkwell,filter-moon,1985
b2053f8f-2c3e-4c49-85dc-b820a709970c,arousal,1,28,45,12,N030,./images/N030.jpg,filter-juno,filter-lark,filter-juno,2006
b2053f8f-2c3e-4c49-85dc-b820a709970c,arousal,1,29,45,21,N097,./images/N097.jpg,filter-clarendon,filter-sutro,filter-clarendon,938
b2053f8f-2c3e-4c49-85dc-b820a709970c,arousal,1,30,45,2,N014,./images/N014.jpg,filter-gingham,filter-clarendon,filter-gingham,1131
b2053f8f-2c3e-4c49-85dc-b820a709970c,arousal,1,31,45,26,N030,./images/N030.jpg,filter-1977,filter-hudson,filter-hudson,1323
b2053f8f-2c3e-4c49-85dc-b820a709970c,arousal,1,32,45,35,N017,./images/N017.jpg,filter-1977,filter-lofi,filter-lofi,1688
b2053f8f-2c3e-4c49-85dc-b820a709970c,arousal,1,33,45,7,N043,./images/N043.jpg,filter-hudson,filter-moon,filter-hudson,745
b2053f8f-2c3e-4c49-85dc-b820a709970c,arousal,1,34,45,3,N022,./images/N022.jpg,filter-lofi,filter-hudson,filter-hudson,1665
b2053f8f-2c3e-4c49-85dc-b820a709970c,arousal,1,35,45,16,N027,./images/N027.jpg,filter-sutro,filter-juno,filter-juno,621
b2053f8f-2c3e-4c49-85dc-b820a709970c,arousal,1,36,45,31,N096,./images/N096.jpg,filter-hudson,filter-inkwell,filter-hudson,787
b2053f8f-2c3e-4c49-85dc-b820a709970c,arousal,1,37,45,34,N040,./images/N040.jpg,filter-lofi,filter-moon,filter-lofi,1072
b2053f8f-2c3e-4c49-85dc-b820a709970c,arousal,1,38,45,14,N030,./images/N030.jpg,filter-lofi,filter-juno,filter-lofi,1442
b2053f8f-2c3e-4c49-85dc-b820a709970c,arousal,1,39,45,39,N088,./images/N088.jpg,filter-1977,filter-inkwell,filter-1977,756
b2053f8f-2c3e-4c49-85dc-b820a709970c,arousal,1,40,45,9,N022,./images/N022.jpg,filter-clarendon,filter-hudson,filter-hudson,1400
b2053f8f-2c3e-4c49-85dc-b820a709970c,arousal,1,41,45,29,N017,./images/N017.jpg,filter-sutro,filter-1977,filter-sutro,3911
b2053f8f-2c3e-4c49-85dc-b820a709970c,arousal,1,42,45,18,N020,./images/N020.jpg,filter-hudson,filter-sutro,filter-hudson,955
b2053f8f-2c3e-4c49-85dc-b820a709970c,arousal,1,43,45,37,N108,./images/N108.jpg,filter-sutro,filter-lark,filter-lark,1043
b2053f8f-2c3e-4c49-85dc-b820a709970c,arousal,1,44,45,15,N093,./images/N093.jpg,filter-moon,filter-juno,filter-juno,837
b2053f8f-2c3e-4c49-85dc-b820a709970c,arousal,1,45,45,38,N023,./images/N023.jpg,filter-lofi,filter-sutro,filter-lofi,789
b2053f8f-2c3e-4c49-85dc-b820a709970c,valence,2,1,45,6,N096,./images/N096.jpg,filter-juno,filter-1977,filter-1977,1838
b2053f8f-2c3e-4c49-85dc-b820a709970c,valence,2,2,45,45,N088,./images/N088.jpg,filter-hudson,filter-inkwell,filter-hudson,2066
b2053f8f-2c3e-4c49-85dc-b820a709970c,valence,2,3,45,39,N102,./images/N102.jpg,filter-inkwell,filter-juno,filter-juno,1296
b2053f8f-2c3e-4c49-85dc-b820a709970c,valence,2,4,45,27,N014,./images/N014.jpg,filter-moon,filter-lofi,filter-lofi,812
b2053f8f-2c3e-4c49-85dc-b820a709970c,valence,2,5,45,3,N077,./images/N077.jpg,filter-lark,filter-clarendon,filter-lark,1898
b2053f8f-2c3e-4c49-85dc-b820a709970c,valence,2,6,45,22,N085,./images/N085.jpg,filter-lark,filter-lofi,filter-lark,1071
b2053f8f-2c3e-4c49-85dc-b820a709970c,valence,2,7,45,13,N096,./images/N096.jpg,filter-hudson,filter-1977,filter-1977,1764
b2053f8f-2c3e-4c49-85dc-b820a709970c,valence,2,8,45,31,N022,./images/N022.jpg,filter-1977,filter-inkwell,filter-1977,713
b2053f8f-2c3e-4c49-85dc-b820a709970c,valence,2,9,45,2,N030,./images/N030.jpg,filter-juno,filter-sutro,filter-juno,1491
b2053f8f-2c3e-4c49-85dc-b820a709970c,valence,2,10,45,4,N040,./images/N040.jpg,filter-hudson,filter-juno,filter-hudson,1456
b2053f8f-2c3e-4c49-85dc-b820a709970c,valence,2,11,45,33,N002,./images/N002.jpg,filter-lark,filter-inkwell,filter-lark,1393
b2053f8f-2c3e-4c49-85dc-b820a709970c,valence,2,12,45,24,N102,./images/N102.jpg,filter-inkwell,filter-sutro,filter-sutro,2850
b2053f8f-2c3e-4c49-85dc-b820a709970c,valence,2,13,45,5,N002,./images/N002.jpg,filter-inkwell,filter-clarendon,filter-clarendon,935
b2053f8f-2c3e-4c49-85dc-b820a709970c,valence,2,14,45,36,N030,./images/N030.jpg,filter-1977,filter-clarendon,filter-clarendon,1933
b2053f8f-2c3e-4c49-85dc-b820a709970c,valence,2,15,45,38,N031,./images/N031.jpg,filter-lark,filter-juno,filter-lark,1822
b2053f8f-2c3e-4c49-85dc-b820a709970c,valence,2,16,45,30,N031,./images/N031.jpg,filter-sutro,filter-1977,filter-1977,3869
b2053f8f-2c3e-4c49-85dc-b820a709970c,valence,2,17,45,23,N108,./images/N108.jpg,filter-gingham,filter-moon,filter-gingham,1597
b2053f8f-2c3e-4c49-85dc-b820a709970c,valence,2,18,45,17,N014,./images/N014.jpg,filter-sutro,filter-clarendon,filter-sutro,717
b2053f8f-2c3e-4c49-85dc-b820a709970c,valence,2,19,45,25,N022,./images/N022.jpg,filter-inkwell,filter-gingham,filter-gingham,650
b2053f8f-2c3e-4c49-85dc-b820a709970c,valence,2,20,45,9,N093,./images/N093.jpg,filter-lofi,filter-hudson,filter-lofi,1203
b2053f8f-2c3e-4c49-85dc-b820a709970c,valence,2,21,45,10,N022,./images/N022.jpg,filter-clarendon,filter-hudson,filter-hudson,1074
b2053f8f-2c3e-4c49-85dc-b820a709970c,valence,2,22,45,12,N088,./images/N088.jpg,filter-sutro,filter-gingham,filter-gingham,932
b2053f8f-2c3e-4c49-85dc-b820a709970c,valence,2,23,45,16,N097,./images/N097.jpg,filter-juno,filter-lofi,filter-juno,1444
b2053f8f-2c3e-4c49-85dc-b820a709970c,valence,2,24,45,7,N093,./images/N093.jpg,filter-moon,filter-lark,filter-lark,670
b2053f8f-2c3e-4c49-85dc-b820a709970c,valence,2,25,45,11,N108,./images/N108.jpg,filter-1977,filter-lark,filter-1977,851
b2053f8f-2c3e-4c49-85dc-b820a709970c,valence,2,26,45,15,N027,./images/N027.jpg,filter-lark,filter-sutro,filter-sutro,1426
b2053f8f-2c3e-4c49-85dc-b820a709970c,valence,2,27,45,44,N085,./images/N085.jpg,filter-lofi,filter-1977,filter-1977,578
b2053f8f-2c3e-4c49-85dc-b820a709970c,valence,2,28,45,28,N095,./images/N095.jpg,filter-1977,filter-gingham,filter-gingham,1217
b2053f8f-2c3e-4c49-85dc-b820a709970c,valence,2,29,45,18,N093,./images/N093.jpg,filter-clarendon,filter-gingham,filter-gingham,1861
b2053f8f-2c3e-4c49-85dc-b820a709970c,valence,2,30,45,35,N020,./images/N020.jpg,filter-hudson,filter-lark,filter-lark,1072
b2053f8f-2c3e-4c49-85dc-b820a709970c,valence,2,31,45,8,N023,./images/N023.jpg,filter-clarendon,filter-moon,filter-clarendon,781
b2053f8f-2c3e-4c49-85dc-b820a709970c,valence,2,32,45,32,N043,./images/N043.jpg,filter-clarendon,filter-juno,filter-juno,898
b2053f8f-2c3e-4c49-85dc-b820a709970c,valence,2,33,45,1,N027,./images/N027.jpg,filter-sutro,filter-hudson,filter-hudson,937
b2053f8f-2c3e-4c49-85dc-b820a709970c,valence,2,34,45,43,N020,./images/N020.jpg,filter-juno,filter-gingham,filter-gingham,823
b2053f8f-2c3e-4c49-85dc-b820a709970c,valence,2,35,45,14,N023,./images/N023.jpg,filter-lofi,filter-sutro,filter-lofi,1379
b2053f8f-2c3e-4c49-85dc-b820a709970c,valence,2,36,45,19,N017,./images/N017.jpg,filter-inkwell,filter-moon,filter-moon,653
b2053f8f-2c3e-4c49-85dc-b820a709970c,valence,2,37,45,40,N017,./images/N017.jpg,filter-gingham,filter-lark,filter-lark,1287
b2053f8f-2c3e-4c49-85dc-b820a709970c,valence,2,38,45,21,N095,./images/N095.jpg,filter-moon,filter-1977,filter-1977,1267
b2053f8f-2c3e-4c49-85dc-b820a709970c,valence,2,39,45,37,N097,./images/N097.jpg,filter-juno,filter-moon,filter-juno,555
b2053f8f-2c3e-4c49-85dc-b820a709970c,valence,2,40,45,41,N095,./images/N095.jpg,filter-moon,filter-hudson,filter-hudson,866
b2053f8f-2c3e-4c49-85dc-b820a709970c,valence,2,41,45,42,N040,./images/N040.jpg,filter-gingham,filter-hudson,filter-hudson,857
b2053f8f-2c3e-4c49-85dc-b820a709970c,valence,2,42,45,26,N096,./images/N096.jpg,filter-gingham,filter-lofi,filter-lofi,921
b2053f8f-2c3e-4c49-85dc-b820a709970c,valence,2,43,45,34,N077,./images/N077.jpg,filter-sutro,filter-moon,filter-sutro,638
b2053f8f-2c3e-4c49-85dc-b820a709970c,valence,2,44,45,29,N085,./images/N085.jpg,filter-lofi,filter-clarendon,filter-lofi,731
b2053f8f-2c3e-4c49-85dc-b820a709970c,valence,2,45,45,20,N043,./images/N043.jpg,filter-lofi,filter-inkwell,filter-lofi,653
3df6b145-240a-47ea-bd3e-814ca4c794a3,valence,1,1,45,4,N040,./images/N040.jpg,filter-hudson,filter-juno,filter-juno,16426
3df6b145-240a-47ea-bd3e-814ca4c794a3,valence,1,2,45,8,N023,./images/N023.jpg,filter-clarendon,filter-moon,filter-clarendon,7487
3df6b145-240a-47ea-bd3e-814ca4c794a3,valence,1,3,45,41,N095,./images/N095.jpg,filter-moon,filter-hudson,filter-hudson,1556
3df6b145-240a-47ea-bd3e-814ca4c794a3,valence,1,4,45,36,N030,./images/N030.jpg,filter-1977,filter-clarendon,filter-clarendon,4179
3df6b145-240a-47ea-bd3e-814ca4c794a3,valence,1,5,45,5,N002,./images/N002.jpg,filter-inkwell,filter-clarendon,filter-clarendon,1961
3df6b145-240a-47ea-bd3e-814ca4c794a3,valence,1,6,45,17,N014,./images/N014.jpg,filter-sutro,filter-clarendon,filter-sutro,2976
3df6b145-240a-47ea-bd3e-814ca4c794a3,valence,1,7,45,10,N022,./images/N022.jpg,filter-clarendon,filter-hudson,filter-hudson,6702
3df6b145-240a-47ea-bd3e-814ca4c794a3,valence,1,8,45,21,N095,./images/N095.jpg,filter-moon,filter-1977,filter-1977,1377
3df6b145-240a-47ea-bd3e-814ca4c794a3,valence,1,9,45,20,N043,./images/N043.jpg,filter-lofi,filter-inkwell,filter-lofi,1045
3df6b145-240a-47ea-bd3e-814ca4c794a3,valence,1,10,45,43,N020,./images/N020.jpg,filter-juno,filter-gingham,filter-juno,1711
3df6b145-240a-47ea-bd3e-814ca4c794a3,valence,1,11,45,40,N017,./images/N017.jpg,filter-gingham,filter-lark,filter-lark,1274
3df6b145-240a-47ea-bd3e-814ca4c794a3,valence,1,12,45,25,N022,./images/N022.jpg,filter-inkwell,filter-gingham,filter-gingham,3269
3df6b145-240a-47ea-bd3e-814ca4c794a3,valence,1,13,45,26,N096,./images/N096.jpg,filter-gingham,filter-lofi,filter-gingham,2172
3df6b145-240a-47ea-bd3e-814ca4c794a3,valence,1,14,45,22,N085,./images/N085.jpg,filter-lark,filter-lofi,filter-lark,3262
3df6b145-240a-47ea-bd3e-814ca4c794a3,valence,1,15,45,31,N022,./images/N022.jpg,filter-1977,filter-inkwell,filter-1977,1352
3df6b145-240a-47ea-bd3e-814ca4c794a3,valence,1,16,45,15,N027,./images/N027.jpg,filter-lark,filter-sutro,filter-sutro,4406
3df6b145-240a-47ea-bd3e-814ca4c794a3,valence,1,17,45,9,N093,./images/N093.jpg,filter-lofi,filter-hudson,filter-hudson,1842
3df6b145-240a-47ea-bd3e-814ca4c794a3,valence,1,18,45,27,N014,./images/N014.jpg,filter-moon,filter-lofi,filter-lofi,1637
3df6b145-240a-47ea-bd3e-814ca4c794a3,valence,1,19,45,1,N027,./images/N027.jpg,filter-sutro,filter-hudson,filter-hudson,2708
3df6b145-240a-47ea-bd3e-814ca4c794a3,valence,1,20,45,3,N077,./images/N077.jpg,filter-lark,filter-clarendon,filter-clarendon,1775
3df6b145-240a-47ea-bd3e-814ca4c794a3,valence,1,21,45,29,N085,./images/N085.jpg,filter-lofi,filter-clarendon,filter-clarendon,1379
3df6b145-240a-47ea-bd3e-814ca4c794a3,valence,1,22,45,33,N002,./images/N002.jpg,filter-lark,filter-inkwell,filter-lark,1206
3df6b145-240a-47ea-bd3e-814ca4c794a3,valence,1,23,45,6,N096,./images/N096.jpg,filter-juno,filter-1977,filter-juno,2215
3df6b145-240a-47ea-bd3e-814ca4c794a3,valence,1,24,45,37,N097,./images/N097.jpg,filter-juno,filter-moon,filter-juno,972
3df6b145-240a-47ea-bd3e-814ca4c794a3,valence,1,25,45,42,N040,./images/N040.jpg,filter-gingham,filter-hudson,filter-hudson,1800
3df6b145-240a-47ea-bd3e-814ca4c794a3,valence,1,26,45,13,N096,./images/N096.jpg,filter-hudson,filter-1977,filter-hudson,1823
3df6b145-240a-47ea-bd3e-814ca4c794a3,valence,1,27,45,38,N031,./images/N031.jpg,filter-lark,filter-juno,filter-juno,1491
3df6b145-240a-47ea-bd3e-814ca4c794a3,valence,1,28,45,23,N108,./images/N108.jpg,filter-gingham,filter-moon,filter-gingham,1564
3df6b145-240a-47ea-bd3e-814ca4c794a3,valence,1,29,45,14,N023,./images/N023.jpg,filter-lofi,filter-sutro,filter-sutro,1321
3df6b145-240a-47ea-bd3e-814ca4c794a3,valence,1,30,45,16,N097,./images/N097.jpg,filter-juno,filter-lofi,filter-juno,1693
3df6b145-240a-47ea-bd3e-814ca4c794a3,valence,1,31,45,2,N030,./images/N030.jpg,filter-juno,filter-sutro,filter-juno,1126
3df6b145-240a-47ea-bd3e-814ca4c794a3,valence,1,32,45,28,N095,./images/N095.jpg,filter-1977,filter-gingham,filter-gingham,914
3df6b145-240a-47ea-bd3e-814ca4c794a3,valence,1,33,45,18,N093,./images/N093.jpg,filter-clarendon,filter-gingham,filter-gingham,1499
3df6b145-240a-47ea-bd3e-814ca4c794a3,valence,1,34,45,32,N043,./images/N043.jpg,filter-clarendon,filter-juno,filter-clarendon,1287
3df6b145-240a-47ea-bd3e-814ca4c794a3,valence,1,35,45,7,N093,./images/N093.jpg,filter-moon,filter-lark,filter-lark,981
3df6b145-240a-47ea-bd3e-814ca4c794a3,valence,1,36,45,45,N088,./images/N088.jpg,filter-hudson,filter-inkwell,filter-hudson,2732
3df6b145-240a-47ea-bd3e-814ca4c794a3,valence,1,37,45,12,N088,./images/N088.jpg,filter-sutro,filter-gingham,filter-gingham,1231
3df6b145-240a-47ea-bd3e-814ca4c794a3,valence,1,38,45,35,N020,./images/N020.jpg,filter-hudson,filter-lark,filter-lark,2490
3df6b145-240a-47ea-bd3e-814ca4c794a3,valence,1,39,45,34,N077,./images/N077.jpg,filter-sutro,filter-moon,filter-sutro,1191
3df6b145-240a-47ea-bd3e-814ca4c794a3,valence,1,40,45,44,N085,./images/N085.jpg,filter-lofi,filter-1977,filter-lofi,1978
3df6b145-240a-47ea-bd3e-814ca4c794a3,valence,1,41,45,24,N102,./images/N102.jpg,filter-inkwell,filter-sutro,filter-sutro,1409
3df6b145-240a-47ea-bd3e-814ca4c794a3,valence,1,42,45,11,N108,./images/N108.jpg,filter-1977,filter-lark,filter-1977,2448
3df6b145-240a-47ea-bd3e-814ca4c794a3,valence,1,43,45,39,N102,./images/N102.jpg,filter-inkwell,filter-juno,filter-juno,1818
3df6b145-240a-47ea-bd3e-814ca4c794a3,valence,1,44,45,30,N031,./images/N031.jpg,filter-sutro,filter-1977,filter-1977,1474
3df6b145-240a-47ea-bd3e-814ca4c794a3,valence,1,45,45,19,N017,./images/N017.jpg,filter-inkwell,filter-moon,filter-moon,2085
3df6b145-240a-47ea-bd3e-814ca4c794a3,arousal,2,1,45,14,N030,./images/N030.jpg,filter-lofi,filter-juno,filter-juno,2070
3df6b145-240a-47ea-bd3e-814ca4c794a3,arousal,2,2,45,44,N077,./images/N077.jpg,filter-juno,filter-inkwell,filter-juno,2481
3df6b145-240a-47ea-bd3e-814ca4c794a3,arousal,2,3,45,24,N096,./images/N096.jpg,filter-juno,filter-1977,filter-juno,1394
3df6b145-240a-47ea-bd3e-814ca4c794a3,arousal,2,4,45,22,N096,./images/N096.jpg,filter-lark,filter-lofi,filter-lofi,2076
3df6b145-240a-47ea-bd3e-814ca4c794a3,arousal,2,5,45,21,N097,./images/N097.jpg,filter-clarendon,filter-sutro,filter-clarendon,1767
3df6b145-240a-47ea-bd3e-814ca4c794a3,arousal,2,6,45,4,N093,./images/N093.jpg,filter-moon,filter-inkwell,filter-moon,1345
3df6b145-240a-47ea-bd3e-814ca4c794a3,arousal,2,7,45,45,N077,./images/N077.jpg,filter-clarendon,filter-moon,filter-clarendon,842
3df6b145-240a-47ea-bd3e-814ca4c794a3,arousal,2,8,45,27,N027,./images/N027.jpg,filter-lark,filter-moon,filter-lark,1231
3df6b145-240a-47ea-bd3e-814ca4c794a3,arousal,2,9,45,26,N030,./images/N030.jpg,filter-1977,filter-hudson,filter-hudson,1133
3df6b145-240a-47ea-bd3e-814ca4c794a3,arousal,2,10,45,16,N027,./images/N027.jpg,filter-sutro,filter-juno,filter-juno,1726
3df6b145-240a-47ea-bd3e-814ca4c794a3,arousal,2,11,45,23,N095,./images/N095.jpg,filter-lark,filter-1977,filter-lark,1159
3df6b145-240a-47ea-bd3e-814ca4c794a3,arousal,2,12,45,11,N040,./images/N040.jpg,filter-juno,filter-gingham,filter-gingham,1224
3df6b145-240a-47ea-bd3e-814ca4c794a3,arousal,2,13,45,34,N040,./images/N040.jpg,filter-lofi,filter-moon,filter-lofi,904
3df6b145-240a-47ea-bd3e-814ca4c794a3,arousal,2,14,45,35,N017,./images/N017.jpg,filter-1977,filter-lofi,filter-lofi,1102
3df6b145-240a-47ea-bd3e-814ca4c794a3,arousal,2,15,45,7,N043,./images/N043.jpg,filter-hudson,filter-moon,filter-hudson,938
3df6b145-240a-47ea-bd3e-814ca4c794a3,arousal,2,16,45,13,N014,./images/N014.jpg,filter-moon,filter-sutro,filter-sutro,923
3df6b145-240a-47ea-bd3e-814ca4c794a3,arousal,2,17,45,10,N085,./images/N085.jpg,filter-hudson,filter-juno,filter-juno,1417
3df6b145-240a-47ea-bd3e-814ca4c794a3,arousal,2,18,45,17,N023,./images/N023.jpg,filter-lofi,filter-gingham,filter-lofi,1645
3df6b145-240a-47ea-bd3e-814ca4c794a3,arousal,2,19,45,37,N108,./images/N108.jpg,filter-sutro,filter-lark,filter-lark,982
3df6b145-240a-47ea-bd3e-814ca4c794a3,arousal,2,20,45,6,N108,./images/N108.jpg,filter-inkwell,filter-gingham,filter-gingham,944
3df6b145-240a-47ea-bd3e-814ca4c794a3,arousal,2,21,45,40,N102,./images/N102.jpg,filter-inkwell,filter-clarendon,filter-clarendon,1281
3df6b145-240a-47ea-bd3e-814ca4c794a3,arousal,2,22,45,30,N097,./images/N097.jpg,filter-moon,filter-1977,filter-1977,1037
3df6b145-240a-47ea-bd3e-814ca4c794a3,arousal,2,23,45,15,N093,./images/N093.jpg,filter-moon,filter-juno,filter-juno,1166
3df6b145-240a-47ea-bd3e-814ca4c794a3,arousal,2,24,45,28,N085,./images/N085.jpg,filter-hudson,filter-lark,filter-lark,1653
3df6b145-240a-47ea-bd3e-814ca4c794a3,arousal,2,25,45,39,N088,./images/N088.jpg,filter-1977,filter-inkwell,filter-1977,1848
3df6b145-240a-47ea-bd3e-814ca4c794a3,arousal,2,26,45,32,N102,./images/N102.jpg,filter-gingham,filter-lark,filter-lark,817
3df6b145-240a-47ea-bd3e-814ca4c794a3,arousal,2,27,45,20,N088,./images/N088.jpg,filter-inkwell,filter-lofi,filter-inkwell,963
3df6b145-240a-47ea-bd3e-814ca4c794a3,arousal,2,28,45,38,N023,./images/N023.jpg,filter-lofi,filter-sutro,filter-lofi,1864
3df6b145-240a-47ea-bd3e-814ca4c794a3,arousal,2,29,45,29,N017,./images/N017.jpg,filter-sutro,filter-1977,filter-sutro,1459
3df6b145-240a-47ea-bd3e-814ca4c794a3,arousal,2,30,45,31,N096,./images/N096.jpg,filter-hudson,filter-inkwell,filter-hudson,1281
3df6b145-240a-47ea-bd3e-814ca4c794a3,arousal,2,31,45,1,N020,./images/N020.jpg,filter-gingham,filter-hudson,filter-hudson,2617
3df6b145-240a-47ea-bd3e-814ca4c794a3,arousal,2,32,45,12,N030,./images/N030.jpg,filter-juno,filter-lark,filter-lark,1582
3df6b145-240a-47ea-bd3e-814ca4c794a3,arousal,2,33,45,18,N020,./images/N020.jpg,filter-hudson,filter-sutro,filter-hudson,1669
3df6b145-240a-47ea-bd3e-814ca4c794a3,arousal,2,34,45,8,N002,./images/N002.jpg,filter-gingham,filter-moon,filter-gingham,899
3df6b145-240a-47ea-bd3e-814ca4c794a3,arousal,2,35,45,41,N043,./images/N043.jpg,filter-inkwell,filter-sutro,filter-sutro,1004
3df6b145-240a-47ea-bd3e-814ca4c794a3,arousal,2,36,45,42,N002,./images/N002.jpg,filter-1977,filter-gingham,filter-1977,1133
3df6b145-240a-47ea-bd3e-814ca4c794a3,arousal,2,37,45,33,N031,./images/N031.jpg,filter-lofi,filter-clarendon,filter-clarendon,1158
3df6b145-240a-47ea-bd3e-814ca4c794a3,arousal,2,38,45,25,N095,./images/N095.jpg,filter-lark,filter-inkwell,filter-lark,808
3df6b145-240a-47ea-bd3e-814ca4c794a3,arousal,2,39,45,9,N022,./images/N022.jpg,filter-clarendon,filter-hudson,filter-hudson,915
3df6b145-240a-47ea-bd3e-814ca4c794a3,arousal,2,40,45,3,N022,./images/N022.jpg,filter-lofi,filter-hudson,filter-lofi,687
3df6b145-240a-47ea-bd3e-814ca4c794a3,arousal,2,41,45,2,N014,./images/N014.jpg,filter-gingham,filter-clarendon,filter-clarendon,841
3df6b145-240a-47ea-bd3e-814ca4c794a3,arousal,2,42,45,5,N108,./images/N108.jpg,filter-1977,filter-clarendon,filter-clarendon,1539
3df6b145-240a-47ea-bd3e-814ca4c794a3,arousal,2,43,45,43,N097,./images/N097.jpg,filter-clarendon,filter-lark,filter-lark,3465
3df6b145-240a-47ea-bd3e-814ca4c794a3,arousal,2,44,45,19,N040,./images/N040.jpg,filter-juno,filter-clarendon,filter-juno,1215
3df6b145-240a-47ea-bd3e-814ca4c794a3,arousal,2,45,45,36,N031,./images/N031.jpg,filter-sutro,filter-gingham,filter-sutro,2262
07c73944-ef7c-4cd2-bc07-3be7713bb7b5,arousal,1,1,45,31,N096,./images/N096.jpg,filter-hudson,filter-inkwell,filter-hudson,8785
07c73944-ef7c-4cd2-bc07-3be7713bb7b5,arousal,1,2,45,33,N031,./images/N031.jpg,filter-lofi,filter-clarendon,filter-lofi,6986
07c73944-ef7c-4cd2-bc07-3be7713bb7b5,arousal,1,3,45,2,N014,./images/N014.jpg,filter-gingham,filter-clarendon,filter-clarendon,6881
07c73944-ef7c-4cd2-bc07-3be7713bb7b5,arousal,1,4,45,20,N088,./images/N088.jpg,filter-inkwell,filter-lofi,filter-inkwell,2224
07c73944-ef7c-4cd2-bc07-3be7713bb7b5,arousal,1,5,45,30,N097,./images/N097.jpg,filter-moon,filter-1977,filter-1977,5400
07c73944-ef7c-4cd2-bc07-3be7713bb7b5,arousal,1,6,45,7,N043,./images/N043.jpg,filter-hudson,filter-moon,filter-moon,3609
07c73944-ef7c-4cd2-bc07-3be7713bb7b5,arousal,1,7,45,16,N027,./images/N027.jpg,filter-sutro,filter-juno,filter-juno,1383
07c73944-ef7c-4cd2-bc07-3be7713bb7b5,arousal,1,8,45,9,N022,./images/N022.jpg,filter-clarendon,filter-hudson,filter-hudson,2843
07c73944-ef7c-4cd2-bc07-3be7713bb7b5,arousal,1,9,45,40,N102,./images/N102.jpg,filter-inkwell,filter-clarendon,filter-clarendon,1613
07c73944-ef7c-4cd2-bc07-3be7713bb7b5,arousal,1,10,45,25,N095,./images/N095.jpg,filter-lark,filter-inkwell,filter-lark,1356
07c73944-ef7c-4cd2-bc07-3be7713bb7b5,arousal,1,11,45,17,N023,./images/N023.jpg,filter-lofi,filter-gingham,filter-lofi,2139
07c73944-ef7c-4cd2-bc07-3be7713bb7b5,arousal,1,12,45,14,N030,./images/N030.jpg,filter-lofi,filter-juno,filter-juno,4132
07c73944-ef7c-4cd2-bc07-3be7713bb7b5,arousal,1,13,45,11,N040,./images/N040.jpg,filter-juno,filter-gingham,filter-gingham,1031
07c73944-ef7c-4cd2-bc07-3be7713bb7b5,arousal,1,14,45,21,N097,./images/N097.jpg,filter-clarendon,filter-sutro,filter-sutro,5611
07c73944-ef7c-4cd2-bc07-3be7713bb7b5,arousal,1,15,45,1,N020,./images/N020.jpg,filter-gingham,filter-hudson,filter-hudson,3245
07c73944-ef7c-4cd2-bc07-3be7713bb7b5,arousal,1,16,45,26,N030,./images/N030.jpg,filter-1977,filter-hudson,filter-hudson,2337
07c73944-ef7c-4cd2-bc07-3be7713bb7b5,arousal,1,17,45,38,N023,./images/N023.jpg,filter-lofi,filter-sutro,filter-lofi,1388
07c73944-ef7c-4cd2-bc07-3be7713bb7b5,arousal,1,18,45,39,N088,./images/N088.jpg,filter-1977,filter-inkwell,filter-inkwell,1307
07c73944-ef7c-4cd2-bc07-3be7713bb7b5,arousal,1,19,45,29,N017,./images/N017.jpg,filter-sutro,filter-1977,filter-sutro,2251
07c73944-ef7c-4cd2-bc07-3be7713bb7b5,arousal,1,20,45,3,N022,./images/N022.jpg,filter-lofi,filter-hudson,filter-lofi,4790
07c73944-ef7c-4cd2-bc07-3be7713bb7b5,arousal,1,21,45,43,N097,./images/N097.jpg,filter-clarendon,filter-lark,filter-lark,7150
07c73944-ef7c-4cd2-bc07-3be7713bb7b5,arousal,1,22,45,5,N108,./images/N108.jpg,filter-1977,filter-clarendon,filter-1977,3163
07c73944-ef7c-4cd2-bc07-3be7713bb7b5,arousal,1,23,45,24,N096,./images/N096.jpg,filter-juno,filter-1977,filter-1977,16636
07c73944-ef7c-4cd2-bc07-3be7713bb7b5,arousal,1,24,45,37,N108,./images/N108.jpg,filter-sutro,filter-lark,filter-lark,2066
07c73944-ef7c-4cd2-bc07-3be7713bb7b5,arousal,1,25,45,45,N077,./images/N077.jpg,filter-clarendon,filter-moon,filter-clarendon,1621
07c73944-ef7c-4cd2-bc07-3be7713bb7b5,arousal,1,26,45,44,N077,./images/N077.jpg,filter-juno,filter-inkwell,filter-inkwell,2134
07c73944-ef7c-4cd2-bc07-3be7713bb7b5,arousal,1,27,45,41,N043,./images/N043.jpg,filter-inkwell,filter-sutro,filter-sutro,720
07c73944-ef7c-4cd2-bc07-3be7713bb7b5,arousal,1,28,45,42,N002,./images/N002.jpg,filter-1977,filter-gingham,filter-1977,1281
07c73944-ef7c-4cd2-bc07-3be7713bb7b5,arousal,1,29,45,22,N096,./images/N096.jpg,filter-lark,filter-lofi,filter-lofi,926
07c73944-ef7c-4cd2-bc07-3be7713bb7b5,arousal,1,30,45,27,N027,./images/N027.jpg,filter-lark,filter-moon,filter-lark,1608
07c73944-ef7c-4cd2-bc07-3be7713bb7b5,arousal,1,31,45,6,N108,./images/N108.jpg,filter-inkwell,filter-gingham,filter-inkwell,2878
07c73944-ef7c-4cd2-bc07-3be7713bb7b5,arousal,1,32,45,36,N031,./images/N031.jpg,filter-sutro,filter-gingham,filter-gingham,842
07c73944-ef7c-4cd2-bc07-3be7713bb7b5,arousal,1,33,45,15,N093,./images/N093.jpg,filter-moon,filter-juno,filter-juno,2966
07c73944-ef7c-4cd2-bc07-3be7713bb7b5,arousal,1,34,45,23,N095,./images/N095.jpg,filter-lark,filter-1977,filter-lark,1195
07c73944-ef7c-4cd2-bc07-3be7713bb7b5,arousal,1,35,45,32,N102,./images/N102.jpg,filter-gingham,filter-lark,filter-gingham,3650
07c73944-ef7c-4cd2-bc07-3be7713bb7b5,arousal,1,36,45,28,N085,./images/N085.jpg,filter-hudson,filter-lark,filter-lark,7062
07c73944-ef7c-4cd2-bc07-3be7713bb7b5,arousal,1,37,45,34,N040,./images/N040.jpg,filter-lofi,filter-moon,filter-lofi,1305
07c73944-ef7c-4cd2-bc07-3be7713bb7b5,arousal,1,38,45,10,N085,./images/N085.jpg,filter-hudson,filter-juno,filter-hudson,1517
07c73944-ef7c-4cd2-bc07-3be7713bb7b5,arousal,1,39,45,13,N014,./images/N014.jpg,filter-moon,filter-sutro,filter-sutro,769
07c73944-ef7c-4cd2-bc07-3be7713bb7b5,arousal,1,40,45,18,N020,./images/N020.jpg,filter-hudson,filter-sutro,filter-hudson,3976
07c73944-ef7c-4cd2-bc07-3be7713bb7b5,arousal,1,41,45,8,N002,./images/N002.jpg,filter-gingham,filter-moon,filter-moon,2125
07c73944-ef7c-4cd2-bc07-3be7713bb7b5,arousal,1,42,45,12,N030,./images/N030.jpg,filter-juno,filter-lark,filter-juno,3182
07c73944-ef7c-4cd2-bc07-3be7713bb7b5,arousal,1,43,45,4,N093,./images/N093.jpg,filter-moon,filter-inkwell,filter-moon,1797
07c73944-ef7c-4cd2-bc07-3be7713bb7b5,arousal,1,44,45,19,N040,./images/N040.jpg,filter-juno,filter-clarendon,filter-juno,5026
07c73944-ef7c-4cd2-bc07-3be7713bb7b5,arousal,1,45,45,35,N017,./images/N017.jpg,filter-1977,filter-lofi,filter-lofi,2974
07c73944-ef7c-4cd2-bc07-3be7713bb7b5,valence,2,1,45,11,N108,./images/N108.jpg,filter-1977,filter-lark,filter-1977,2645
07c73944-ef7c-4cd2-bc07-3be7713bb7b5,valence,2,2,45,19,N017,./images/N017.jpg,filter-inkwell,filter-moon,filter-inkwell,1511
07c73944-ef7c-4cd2-bc07-3be7713bb7b5,valence,2,3,45,12,N088,./images/N088.jpg,filter-sutro,filter-gingham,filter-gingham,1107
07c73944-ef7c-4cd2-bc07-3be7713bb7b5,valence,2,4,45,7,N093,./images/N093.jpg,filter-moon,filter-lark,filter-lark,4752
07c73944-ef7c-4cd2-bc07-3be7713bb7b5,valence,2,5,45,27,N014,./images/N014.jpg,filter-moon,filter-lofi,filter-lofi,1981
07c73944-ef7c-4cd2-bc07-3be7713bb7b5,valence,2,6,45,18,N093,./images/N093.jpg,filter-clarendon,filter-gingham,filter-gingham,2200
07c73944-ef7c-4cd2-bc07-3be7713bb7b5,valence,2,7,45,1,N027,./images/N027.jpg,filter-sutro,filter-hudson,filter-hudson,4747
07c73944-ef7c-4cd2-bc07-3be7713bb7b5,valence,2,8,45,3,N077,./images/N077.jpg,filter-lark,filter-clarendon,filter-clarendon,1130
07c73944-ef7c-4cd2-bc07-3be7713bb7b5,valence,2,9,45,33,N002,./images/N002.jpg,filter-lark,filter-inkwell,filter-inkwell,1208
07c73944-ef7c-4cd2-bc07-3be7713bb7b5,valence,2,10,45,30,N031,./images/N031.jpg,filter-sutro,filter-1977,filter-sutro,1522
07c73944-ef7c-4cd2-bc07-3be7713bb7b5,valence,2,11,45,45,N088,./images/N088.jpg,filter-hudson,filter-inkwell,filter-inkwell,972
07c73944-ef7c-4cd2-bc07-3be7713bb7b5,valence,2,12,45,29,N085,./images/N085.jpg,filter-lofi,filter-clarendon,filter-lofi,1135
07c73944-ef7c-4cd2-bc07-3be7713bb7b5,valence,2,13,45,43,N020,./images/N020.jpg,filter-juno,filter-gingham,filter-gingham,1000
07c73944-ef7c-4cd2-bc07-3be7713bb7b5,valence,2,14,45,37,N097,./images/N097.jpg,filter-juno,filter-moon,filter-juno,2248
07c73944-ef7c-4cd2-bc07-3be7713bb7b5,valence,2,15,45,34,N077,./images/N077.jpg,filter-sutro,filter-moon,filter-moon,1789
07c73944-ef7c-4cd2-bc07-3be7713bb7b5,valence,2,16,45,25,N022,./images/N022.jpg,filter-inkwell,filter-gingham,filter-gingham,2002
07c73944-ef7c-4cd2-bc07-3be7713bb7b5,valence,2,17,45,10,N022,./images/N022.jpg,filter-clarendon,filter-hudson,filter-hudson,1280
07c73944-ef7c-4cd2-bc07-3be7713bb7b5,valence,2,18,45,21,N095,./images/N095.jpg,filter-moon,filter-1977,filter-1977,2929
07c73944-ef7c-4cd2-bc07-3be7713bb7b5,valence,2,19,45,39,N102,./images/N102.jpg,filter-inkwell,filter-juno,filter-juno,2201
07c73944-ef7c-4cd2-bc07-3be7713bb7b5,valence,2,20,45,31,N022,./images/N022.jpg,filter-1977,filter-inkwell,filter-1977,1863
07c73944-ef7c-4cd2-bc07-3be7713bb7b5,valence,2,21,45,23,N108,./images/N108.jpg,filter-gingham,filter-moon,filter-gingham,1292
07c73944-ef7c-4cd2-bc07-3be7713bb7b5,valence,2,22,45,32,N043,./images/N043.jpg,filter-clarendon,filter-juno,filter-juno,1247
07c73944-ef7c-4cd2-bc07-3be7713bb7b5,valence,2,23,45,13,N096,./images/N096.jpg,filter-hudson,filter-1977,filter-hudson,1769
07c73944-ef7c-4cd2-bc07-3be7713bb7b5,valence,2,24,45,22,N085,./images/N085.jpg,filter-lark,filter-lofi,filter-lark,3837
07c73944-ef7c-4cd2-bc07-3be7713bb7b5,valence,2,25,45,17,N014,./images/N014.jpg,filter-sutro,filter-clarendon,filter-sutro,1089
07c73944-ef7c-4cd2-bc07-3be7713bb7b5,valence,2,26,45,5,N002,./images/N002.jpg,filter-inkwell,filter-clarendon,filter-inkwell,7791
07c73944-ef7c-4cd2-bc07-3be7713bb7b5,valence,2,27,45,4,N040,./images/N040.jpg,filter-hudson,filter-juno,filter-hudson,1217
07c73944-ef7c-4cd2-bc07-3be7713bb7b5,valence,2,28,45,20,N043,./images/N043.jpg,filter-lofi,filter-inkwell,filter-lofi,1072
07c73944-ef7c-4cd2-bc07-3be7713bb7b5,valence,2,29,45,36,N030,./images/N030.jpg,filter-1977,filter-clarendon,filter-clarendon,3050
07c73944-ef7c-4cd2-bc07-3be7713bb7b5,valence,2,30,45,28,N095,./images/N095.jpg,filter-1977,filter-gingham,filter-gingham,1374
07c73944-ef7c-4cd2-bc07-3be7713bb7b5,valence,2,31,45,6,N096,./images/N096.jpg,filter-juno,filter-1977,filter-juno,815
07c73944-ef7c-4cd2-bc07-3be7713bb7b5,valence,2,32,45,41,N095,./images/N095.jpg,filter-moon,filter-hudson,filter-hudson,501
07c73944-ef7c-4cd2-bc07-3be7713bb7b5,valence,2,33,45,2,N030,./images/N030.jpg,filter-juno,filter-sutro,filter-juno,685
07c73944-ef7c-4cd2-bc07-3be7713bb7b5,valence,2,34,45,8,N023,./images/N023.jpg,filter-clarendon,filter-moon,filter-clarendon,2289
07c73944-ef7c-4cd2-bc07-3be7713bb7b5,valence,2,35,45,38,N031,./images/N031.jpg,filter-lark,filter-juno,filter-lark,1311
07c73944-ef7c-4cd2-bc07-3be7713bb7b5,valence,2,36,45,40,N017,./images/N017.jpg,filter-gingham,filter-lark,filter-lark,1353
07c73944-ef7c-4cd2-bc07-3be7713bb7b5,valence,2,37,45,42,N040,./images/N040.jpg,filter-gingham,filter-hudson,filter-gingham,1397
07c73944-ef7c-4cd2-bc07-3be7713bb7b5,valence,2,38,45,44,N085,./images/N085.jpg,filter-lofi,filter-1977,filter-lofi,1129
07c73944-ef7c-4cd2-bc07-3be7713bb7b5,valence,2,39,45,9,N093,./images/N093.jpg,filter-lofi,filter-hudson,filter-hudson,861
07c73944-ef7c-4cd2-bc07-3be7713bb7b5,valence,2,40,45,16,N097,./images/N097.jpg,filter-juno,filter-lofi,filter-lofi,1316
07c73944-ef7c-4cd2-bc07-3be7713bb7b5,valence,2,41,45,14,N023,./images/N023.jpg,filter-lofi,filter-sutro,filter-lofi,1635
07c73944-ef7c-4cd2-bc07-3be7713bb7b5,valence,2,42,45,15,N027,./images/N027.jpg,filter-lark,filter-sutro,filter-lark,1637
07c73944-ef7c-4cd2-bc07-3be7713bb7b5,valence,2,43,45,35,N020,./images/N020.jpg,filter-hudson,filter-lark,filter-lark,1665
07c73944-ef7c-4cd2-bc07-3be7713bb7b5,valence,2,44,45,24,N102,./images/N102.jpg,filter-inkwell,filter-sutro,filter-inkwell,4382
07c73944-ef7c-4cd2-bc07-3be7713bb7b5,valence,2,45,45,26,N096,./images/N096.jpg,filter-gingham,filter-lofi,filter-lofi,1325
b3484693-275b-4e93-9ffb-cb555a58ebe4,valence,1,1,45,33,N002,./images/N002.jpg,filter-lark,filter-inkwell,filter-lark,4677
b3484693-275b-4e93-9ffb-cb555a58ebe4,valence,1,2,45,20,N043,./images/N043.jpg,filter-lofi,filter-inkwell,filter-lofi,1259
b3484693-275b-4e93-9ffb-cb555a58ebe4,valence,1,3,45,31,N022,./images/N022.jpg,filter-1977,filter-inkwell,filter-1977,1553
b3484693-275b-4e93-9ffb-cb555a58ebe4,valence,1,4,45,36,N030,./images/N030.jpg,filter-1977,filter-clarendon,filter-clarendon,1257
b3484693-275b-4e93-9ffb-cb555a58ebe4,valence,1,5,45,22,N085,./images/N085.jpg,filter-lark,filter-lofi,filter-lark,3290
b3484693-275b-4e93-9ffb-cb555a58ebe4,valence,1,6,45,4,N040,./images/N040.jpg,filter-hudson,filter-juno,filter-juno,3255
b3484693-275b-4e93-9ffb-cb555a58ebe4,valence,1,7,45,5,N002,./images/N002.jpg,filter-inkwell,filter-clarendon,filter-clarendon,2243
b3484693-275b-4e93-9ffb-cb555a58ebe4,valence,1,8,45,9,N093,./images/N093.jpg,filter-lofi,filter-hudson,filter-hudson,2694
b3484693-275b-4e93-9ffb-cb555a58ebe4,valence,1,9,45,15,N027,./images/N027.jpg,filter-lark,filter-sutro,filter-lark,1705
b3484693-275b-4e93-9ffb-cb555a58ebe4,valence,1,10,45,43,N020,./images/N020.jpg,filter-juno,filter-gingham,filter-juno,1866
b3484693-275b-4e93-9ffb-cb555a58ebe4,valence,1,11,45,13,N096,./images/N096.jpg,filter-hudson,filter-1977,filter-hudson,1988
b3484693-275b-4e93-9ffb-cb555a58ebe4,valence,1,12,45,11,N108,./images/N108.jpg,filter-1977,filter-lark,filter-lark,1246
b3484693-275b-4e93-9ffb-cb555a58ebe4,valence,1,13,45,3,N077,./images/N077.jpg,filter-lark,filter-clarendon,filter-clarendon,1535
b3484693-275b-4e93-9ffb-cb555a58ebe4,valence,1,14,45,25,N022,./images/N022.jpg,filter-inkwell,filter-gingham,filter-gingham,1006
b3484693-275b-4e93-9ffb-cb555a58ebe4,valence,1,15,45,37,N097,./images/N097.jpg,filter-juno,filter-moon,filter-juno,911
b3484693-275b-4e93-9ffb-cb555a58ebe4,valence,1,16,45,32,N043,./images/N043.jpg,filter-clarendon,filter-juno,filter-juno,1165
b3484693-275b-4e93-9ffb-cb555a58ebe4,valence,1,17,45,12,N088,./images/N088.jpg,filter-sutro,filter-gingham,filter-gingham,841
b3484693-275b-4e93-9ffb-cb555a58ebe4,valence,1,18,45,44,N085,./images/N085.jpg,filter-lofi,filter-1977,filter-lofi,1078
b3484693-275b-4e93-9ffb-cb555a58ebe4,valence,1,19,45,26,N096,./images/N096.jpg,filter-gingham,filter-lofi,filter-lofi,904
b3484693-275b-4e93-9ffb-cb555a58ebe4,valence,1,20,45,40,N017,./images/N017.jpg,filter-gingham,filter-lark,filter-gingham,5057
b3484693-275b-4e93-9ffb-cb555a58ebe4,valence,1,21,45,39,N102,./images/N102.jpg,filter-inkwell,filter-juno,filter-juno,1319
b3484693-275b-4e93-9ffb-cb555a58ebe4,valence,1,22,45,29,N085,./images/N085.jpg,filter-lofi,filter-clarendon,filter-clarendon,3025
b3484693-275b-4e93-9ffb-cb555a58ebe4,valence,1,23,45,21,N095,./images/N095.jpg,filter-moon,filter-1977,filter-1977,1145
b3484693-275b-4e93-9ffb-cb555a58ebe4,valence,1,24,45,23,N108,./images/N108.jpg,filter-gingham,filter-moon,filter-gingham,1241
b3484693-275b-4e93-9ffb-cb555a58ebe4,valence,1,25,45,27,N014,./images/N014.jpg,filter-moon,filter-lofi,filter-lofi,748
b3484693-275b-4e93-9ffb-cb555a58ebe4,valence,1,26,45,10,N022,./images/N022.jpg,filter-clarendon,filter-hudson,filter-hudson,1891
b3484693-275b-4e93-9ffb-cb555a58ebe4,valence,1,27,45,14,N023,./images/N023.jpg,filter-lofi,filter-sutro,filter-lofi,1518
b3484693-275b-4e93-9ffb-cb555a58ebe4,valence,1,28,45,41,N095,./images/N095.jpg,filter-moon,filter-hudson,filter-hudson,1454
b3484693-275b-4e93-9ffb-cb555a58ebe4,valence,1,29,45,30,N031,./images/N031.jpg,filter-sutro,filter-1977,filter-sutro,928
b3484693-275b-4e93-9ffb-cb555a58ebe4,valence,1,30,45,42,N040,./images/N040.jpg,filter-gingham,filter-hudson,filter-gingham,923
b3484693-275b-4e93-9ffb-cb555a58ebe4,valence,1,31,45,45,N088,./images/N088.jpg,filter-hudson,filter-inkwell,filter-hudson,662
b3484693-275b-4e93-9ffb-cb555a58ebe4,valence,1,32,45,19,N017,./images/N017.jpg,filter-inkwell,filter-moon,filter-moon,747
b3484693-275b-4e93-9ffb-cb555a58ebe4,valence,1,33,45,28,N095,./images/N095.jpg,filter-1977,filter-gingham,filter-gingham,1831
b3484693-275b-4e93-9ffb-cb555a58ebe4,valence,1,34,45,2,N030,./images/N030.jpg,filter-juno,filter-sutro,filter-juno,685
b3484693-275b-4e93-9ffb-cb555a58ebe4,valence,1,35,45,24,N102,./images/N102.jpg,filter-inkwell,filter-sutro,filter-sutro,805
b3484693-275b-4e93-9ffb-cb555a58ebe4,valence,1,36,45,18,N093,./images/N093.jpg,filter-clarendon,filter-gingham,filter-gingham,1258
b3484693-275b-4e93-9ffb-cb555a58ebe4,valence,1,37,45,7,N093,./images/N093.jpg,filter-moon,filter-lark,filter-lark,1037
b3484693-275b-4e93-9ffb-cb555a58ebe4,valence,1,38,45,16,N097,./images/N097.jpg,filter-juno,filter-lofi,filter-juno,1006
b3484693-275b-4e93-9ffb-cb555a58ebe4,valence,1,39,45,1,N027,./images/N027.jpg,filter-sutro,filter-hudson,filter-hudson,941
b3484693-275b-4e93-9ffb-cb555a58ebe4,valence,1,40,45,38,N031,./images/N031.jpg,filter-lark,filter-juno,filter-lark,834
b3484693-275b-4e93-9ffb-cb555a58ebe4,valence,1,41,45,8,N023,./images/N023.jpg,filter-clarendon,filter-moon,filter-clarendon,576
b3484693-275b-4e93-9ffb-cb555a58ebe4,valence,1,42,45,17,N014,./images/N014.jpg,filter-sutro,filter-clarendon,filter-sutro,990
b3484693-275b-4e93-9ffb-cb555a58ebe4,valence,1,43,45,6,N096,./images/N096.jpg,filter-juno,filter-1977,filter-1977,975
b3484693-275b-4e93-9ffb-cb555a58ebe4,valence,1,44,45,34,N077,./images/N077.jpg,filter-sutro,filter-moon,filter-sutro,620
b3484693-275b-4e93-9ffb-cb555a58ebe4,valence,1,45,45,35,N020,./images/N020.jpg,filter-hudson,filter-lark,filter-lark,1026
b3484693-275b-4e93-9ffb-cb555a58ebe4,arousal,2,1,45,10,N085,./images/N085.jpg,filter-hudson,filter-juno,filter-hudson,1404
b3484693-275b-4e93-9ffb-cb555a58ebe4,arousal,2,2,45,43,N097,./images/N097.jpg,filter-clarendon,filter-lark,filter-lark,1598
b3484693-275b-4e93-9ffb-cb555a58ebe4,arousal,2,3,45,40,N102,./images/N102.jpg,filter-inkwell,filter-clarendon,filter-inkwell,1541
b3484693-275b-4e93-9ffb-cb555a58ebe4,arousal,2,4,45,22,N096,./images/N096.jpg,filter-lark,filter-lofi,filter-lofi,2108
b3484693-275b-4e93-9ffb-cb555a58ebe4,arousal,2,5,45,37,N108,./images/N108.jpg,filter-sutro,filter-lark,filter-sutro,1113
b3484693-275b-4e93-9ffb-cb555a58ebe4,arousal,2,6,45,20,N088,./images/N088.jpg,filter-inkwell,filter-lofi,filter-inkwell,1511
b3484693-275b-4e93-9ffb-cb555a58ebe4,arousal,2,7,45,38,N023,./images/N023.jpg,filter-lofi,filter-sutro,filter-lofi,1469
b3484693-275b-4e93-9ffb-cb555a58ebe4,arousal,2,8,45,19,N040,./images/N040.jpg,filter-juno,filter-clarendon,filter-juno,2095
b3484693-275b-4e93-9ffb-cb555a58ebe4,arousal,2,9,45,9,N022,./images/N022.jpg,filter-clarendon,filter-hudson,filter-hudson,1512
b3484693-275b-4e93-9ffb-cb555a58ebe4,arousal,2,10,45,23,N095,./images/N095.jpg,filter-lark,filter-1977,filter-1977,3799
b3484693-275b-4e93-9ffb-cb555a58ebe4,arousal,2,11,45,13,N014,./images/N014.jpg,filter-moon,filter-sutro,filter-sutro,3979
b3484693-275b-4e93-9ffb-cb555a58ebe4,arousal,2,12,45,34,N040,./images/N040.jpg,filter-lofi,filter-moon,filter-moon,2373
b3484693-275b-4e93-9ffb-cb555a58ebe4,arousal,2,13,45,2,N014,./images/N014.jpg,filter-gingham,filter-clarendon,filter-gingham,2567
b3484693-275b-4e93-9ffb-cb555a58ebe4,arousal,2,14,45,24,N096,./images/N096.jpg,filter-juno,filter-1977,filter-1977,1107
b3484693-275b-4e93-9ffb-cb555a58ebe4,arousal,2,15,45,6,N108,./images/N108.jpg,filter-inkwell,filter-gingham,filter-inkwell,3693
b3484693-275b-4e93-9ffb-cb555a58ebe4,arousal,2,16,45,28,N085,./images/N085.jpg,filter-hudson,filter-lark,filter-hudson,1540
b3484693-275b-4e93-9ffb-cb555a58ebe4,arousal,2,17,45,32,N102,./images/N102.jpg,filter-gingham,filter-lark,filter-lark,2316
b3484693-275b-4e93-9ffb-cb555a58ebe4,arousal,2,18,45,36,N031,./images/N031.jpg,filter-sutro,filter-gingham,filter-sutro,1116
b3484693-275b-4e93-9ffb-cb555a58ebe4,arousal,2,19,45,42,N002,./images/N002.jpg,filter-1977,filter-gingham,filter-1977,3740
b3484693-275b-4e93-9ffb-cb555a58ebe4,arousal,2,20,45,31,N096,./images/N096.jpg,filter-hudson,filter-inkwell,filter-hudson,2497
b3484693-275b-4e93-9ffb-cb555a58ebe4,arousal,2,21,45,18,N020,./images/N020.jpg,filter-hudson,filter-sutro,filter-hudson,2157
b3484693-275b-4e93-9ffb-cb555a58ebe4,arousal,2,22,45,3,N022,./images/N022.jpg,filter-lofi,filter-hudson,filter-hudson,999
b3484693-275b-4e93-9ffb-cb555a58ebe4,arousal,2,23,45,35,N017,./images/N017.jpg,filter-1977,filter-lofi,filter-1977,2918
b3484693-275b-4e93-9ffb-cb555a58ebe4,arousal,2,24,45,11,N040,./images/N040.jpg,filter-juno,filter-gingham,filter-gingham,715
b3484693-275b-4e93-9ffb-cb555a58ebe4,arousal,2,25,45,25,N095,./images/N095.jpg,filter-lark,filter-inkwell,filter-lark,2057
b3484693-275b-4e93-9ffb-cb555a58ebe4,arousal,2,26,45,5,N108,./images/N108.jpg,filter-1977,filter-clarendon,filter-1977,1274
b3484693-275b-4e93-9ffb-cb555a58ebe4,arousal,2,27,45,7,N043,./images/N043.jpg,filter-hudson,filter-moon,filter-moon,1589
b3484693-275b-4e93-9ffb-cb555a58ebe4,arousal,2,28,45,44,N077,./images/N077.jpg,filter-juno,filter-inkwell,filter-inkwell,3551
b3484693-275b-4e93-9ffb-cb555a58ebe4,arousal,2,29,45,21,N097,./images/N097.jpg,filter-clarendon,filter-sutro,filter-sutro,3046
b3484693-275b-4e93-9ffb-cb555a58ebe4,arousal,2,30,45,4,N093,./images/N093.jpg,filter-moon,filter-inkwell,filter-inkwell,1309
b3484693-275b-4e93-9ffb-cb555a58ebe4,arousal,2,31,45,45,N077,./images/N077.jpg,filter-clarendon,filter-moon,filter-moon,1507
b3484693-275b-4e93-9ffb-cb555a58ebe4,arousal,2,32,45,33,N031,./images/N031.jpg,filter-lofi,filter-clarendon,filter-lofi,1692
b3484693-275b-4e93-9ffb-cb555a58ebe4,arousal,2,33,45,39,N088,./images/N088.jpg,filter-1977,filter-inkwell,filter-inkwell,789
b3484693-275b-4e93-9ffb-cb555a58ebe4,arousal,2,34,45,27,N027,./images/N027.jpg,filter-lark,filter-moon,filter-moon,2345
b3484693-275b-4e93-9ffb-cb555a58ebe4,arousal,2,35,45,29,N017,./images/N017.jpg,filter-sutro,filter-1977,filter-sutro,1719
b3484693-275b-4e93-9ffb-cb555a58ebe4,arousal,2,36,45,30,N097,./images/N097.jpg,filter-moon,filter-1977,filter-1977,1418
b3484693-275b-4e93-9ffb-cb555a58ebe4,arousal,2,37,45,41,N043,./images/N043.jpg,filter-inkwell,filter-sutro,filter-inkwell,954
b3484693-275b-4e93-9ffb-cb555a58ebe4,arousal,2,38,45,15,N093,./images/N093.jpg,filter-moon,filter-juno,filter-moon,1065
b3484693-275b-4e93-9ffb-cb555a58ebe4,arousal,2,39,45,12,N030,./images/N030.jpg,filter-juno,filter-lark,filter-juno,1765
b3484693-275b-4e93-9ffb-cb555a58ebe4,arousal,2,40,45,16,N027,./images/N027.jpg,filter-sutro,filter-juno,filter-sutro,1579
b3484693-275b-4e93-9ffb-cb555a58ebe4,arousal,2,41,45,1,N020,./images/N020.jpg,filter-gingham,filter-hudson,filter-gingham,1275
b3484693-275b-4e93-9ffb-cb555a58ebe4,arousal,2,42,45,17,N023,./images/N023.jpg,filter-lofi,filter-gingham,filter-lofi,1048
b3484693-275b-4e93-9ffb-cb555a58ebe4,arousal,2,43,45,8,N002,./images/N002.jpg,filter-gingham,filter-moon,filter-moon,1049
b3484693-275b-4e93-9ffb-cb555a58ebe4,arousal,2,44,45,14,N030,./images/N030.jpg,filter-lofi,filter-juno,filter-lofi,1028
b3484693-275b-4e93-9ffb-cb555a58ebe4,arousal,2,45,45,26,N030,./images/N030.jpg,filter-1977,filter-hudson,filter-hudson,1004
f18db32e-7182-4d56-a75a-639c5f0b356b,valence,1,1,45,1,N027,./images/N027.jpg,filter-sutro,filter-hudson,filter-hudson,5162
f18db32e-7182-4d56-a75a-639c5f0b356b,valence,1,2,45,15,N027,./images/N027.jpg,filter-lark,filter-sutro,filter-lark,3746
f18db32e-7182-4d56-a75a-639c5f0b356b,valence,1,3,45,44,N085,./images/N085.jpg,filter-lofi,filter-1977,filter-lofi,2025
f18db32e-7182-4d56-a75a-639c5f0b356b,valence,1,4,45,4,N040,./images/N040.jpg,filter-hudson,filter-juno,filter-hudson,2661
f18db32e-7182-4d56-a75a-639c5f0b356b,valence,1,5,45,39,N102,./images/N102.jpg,filter-inkwell,filter-juno,filter-juno,1841
f18db32e-7182-4d56-a75a-639c5f0b356b,valence,1,6,45,16,N097,./images/N097.jpg,filter-juno,filter-lofi,filter-lofi,3396
f18db32e-7182-4d56-a75a-639c5f0b356b,valence,1,7,45,45,N088,./images/N088.jpg,filter-hudson,filter-inkwell,filter-inkwell,1770
f18db32e-7182-4d56-a75a-639c5f0b356b,valence,1,8,45,11,N108,./images/N108.jpg,filter-1977,filter-lark,filter-lark,3030
f18db32e-7182-4d56-a75a-639c5f0b356b,valence,1,9,45,42,N040,./images/N040.jpg,filter-gingham,filter-hudson,filter-gingham,1641
f18db32e-7182-4d56-a75a-639c5f0b356b,valence,1,10,45,41,N095,./images/N095.jpg,filter-moon,filter-hudson,filter-hudson,1741
f18db32e-7182-4d56-a75a-639c5f0b356b,valence,1,11,45,10,N022,./images/N022.jpg,filter-clarendon,filter-hudson,filter-hudson,2622
f18db32e-7182-4d56-a75a-639c5f0b356b,valence,1,12,45,28,N095,./images/N095.jpg,filter-1977,filter-gingham,filter-gingham,2219
f18db32e-7182-4d56-a75a-639c5f0b356b,valence,1,13,45,5,N002,./images/N002.jpg,filter-inkwell,filter-clarendon,filter-inkwell,4101
f18db32e-7182-4d56-a75a-639c5f0b356b,valence,1,14,45,40,N017,./images/N017.jpg,filter-gingham,filter-lark,filter-lark,5226
f18db32e-7182-4d56-a75a-639c5f0b356b,valence,1,15,45,13,N096,./images/N096.jpg,filter-hudson,filter-1977,filter-hudson,1543
f18db32e-7182-4d56-a75a-639c5f0b356b,valence,1,16,45,33,N002,./images/N002.jpg,filter-lark,filter-inkwell,filter-inkwell,2595
f18db32e-7182-4d56-a75a-639c5f0b356b,valence,1,17,45,6,N096,./images/N096.jpg,filter-juno,filter-1977,filter-juno,1820
f18db32e-7182-4d56-a75a-639c5f0b356b,valence,1,18,45,29,N085,./images/N085.jpg,filter-lofi,filter-clarendon,filter-clarendon,1504
f18db32e-7182-4d56-a75a-639c5f0b356b,valence,1,19,45,34,N077,./images/N077.jpg,filter-sutro,filter-moon,filter-sutro,2597
f18db32e-7182-4d56-a75a-639c5f0b356b,valence,1,20,45,30,N031,./images/N031.jpg,filter-sutro,filter-1977,filter-1977,2504
f18db32e-7182-4d56-a75a-639c5f0b356b,valence,1,21,45,8,N023,./images/N023.jpg,filter-clarendon,filter-moon,filter-moon,3763
f18db32e-7182-4d56-a75a-639c5f0b356b,valence,1,22,45,38,N031,./images/N031.jpg,filter-lark,filter-juno,filter-juno,3532
f18db32e-7182-4d56-a75a-639c5f0b356b,valence,1,23,45,14,N023,./images/N023.jpg,filter-lofi,filter-sutro,filter-lofi,1732
f18db32e-7182-4d56-a75a-639c5f0b356b,valence,1,24,45,18,N093,./images/N093.jpg,filter-clarendon,filter-gingham,filter-gingham,3171
f18db32e-7182-4d56-a75a-639c5f0b356b,valence,1,25,45,2,N030,./images/N030.jpg,filter-juno,filter-sutro,filter-juno,1739
f18db32e-7182-4d56-a75a-639c5f0b356b,valence,1,26,45,24,N102,./images/N102.jpg,filter-inkwell,filter-sutro,filter-sutro,3837
f18db32e-7182-4d56-a75a-639c5f0b356b,valence,1,27,45,9,N093,./images/N093.jpg,filter-lofi,filter-hudson,filter-hudson,1853
f18db32e-7182-4d56-a75a-639c5f0b356b,valence,1,28,45,23,N108,./images/N108.jpg,filter-gingham,filter-moon,filter-gingham,2802
f18db32e-7182-4d56-a75a-639c5f0b356b,valence,1,29,45,27,N014,./images/N014.jpg,filter-moon,filter-lofi,filter-lofi,1190
f18db32e-7182-4d56-a75a-639c5f0b356b,valence,1,30,45,17,N014,./images/N014.jpg,filter-sutro,filter-clarendon,filter-sutro,3457
f18db32e-7182-4d56-a75a-639c5f0b356b,valence,1,31,45,36,N030,./images/N030.jpg,filter-1977,filter-clarendon,filter-clarendon,1634
f18db32e-7182-4d56-a75a-639c5f0b356b,valence,1,32,45,21,N095,./images/N095.jpg,filter-moon,filter-1977,filter-moon,2930
f18db32e-7182-4d56-a75a-639c5f0b356b,valence,1,33,45,7,N093,./images/N093.jpg,filter-moon,filter-lark,filter-moon,2425
f18db32e-7182-4d56-a75a-639c5f0b356b,valence,1,34,45,31,N022,./images/N022.jpg,filter-1977,filter-inkwell,filter-1977,1775
f18db32e-7182-4d56-a75a-639c5f0b356b,valence,1,35,45,37,N097,./images/N097.jpg,filter-juno,filter-moon,filter-moon,1622
f18db32e-7182-4d56-a75a-639c5f0b356b,valence,1,36,45,43,N020,./images/N020.jpg,filter-juno,filter-gingham,filter-gingham,1400
f18db32e-7182-4d56-a75a-639c5f0b356b,valence,1,37,45,32,N043,./images/N043.jpg,filter-clarendon,filter-juno,filter-juno,3174
f18db32e-7182-4d56-a75a-639c5f0b356b,valence,1,38,45,12,N088,./images/N088.jpg,filter-sutro,filter-gingham,filter-gingham,1530
f18db32e-7182-4d56-a75a-639c5f0b356b,valence,1,39,45,25,N022,./images/N022.jpg,filter-inkwell,filter-gingham,filter-gingham,1223
f18db32e-7182-4d56-a75a-639c5f0b356b,valence,1,40,45,20,N043,./images/N043.jpg,filter-lofi,filter-inkwell,filter-lofi,2670
f18db32e-7182-4d56-a75a-639c5f0b356b,valence,1,41,45,3,N077,./images/N077.jpg,filter-lark,filter-clarendon,filter-lark,2231
f18db32e-7182-4d56-a75a-639c5f0b356b,valence,1,42,45,19,N017,./images/N017.jpg,filter-inkwell,filter-moon,filter-moon,2369
f18db32e-7182-4d56-a75a-639c5f0b356b,valence,1,43,45,26,N096,./images/N096.jpg,filter-gingham,filter-lofi,filter-lofi,2209
f18db32e-7182-4d56-a75a-639c5f0b356b,valence,1,44,45,35,N020,./images/N020.jpg,filter-hudson,filter-lark,filter-lark,3996
f18db32e-7182-4d56-a75a-639c5f0b356b,valence,1,45,45,22,N085,./images/N085.jpg,filter-lark,filter-lofi,filter-lark,1641
f18db32e-7182-4d56-a75a-639c5f0b356b,arousal,2,1,45,37,N108,./images/N108.jpg,filter-sutro,filter-lark,filter-lark,1348
f18db32e-7182-4d56-a75a-639c5f0b356b,arousal,2,2,45,43,N097,./images/N097.jpg,filter-clarendon,filter-lark,filter-lark,2338
f18db32e-7182-4d56-a75a-639c5f0b356b,arousal,2,3,45,30,N097,./images/N097.jpg,filter-moon,filter-1977,filter-1977,3027
f18db32e-7182-4d56-a75a-639c5f0b356b,arousal,2,4,45,19,N040,./images/N040.jpg,filter-juno,filter-clarendon,filter-juno,1144
f18db32e-7182-4d56-a75a-639c5f0b356b,arousal,2,5,45,39,N088,./images/N088.jpg,filter-1977,filter-inkwell,filter-1977,1513
f18db32e-7182-4d56-a75a-639c5f0b356b,arousal,2,6,45,3,N022,./images/N022.jpg,filter-lofi,filter-hudson,filter-lofi,1636
f18db32e-7182-4d56-a75a-639c5f0b356b,arousal,2,7,45,44,N077,./images/N077.jpg,filter-juno,filter-inkwell,filter-juno,1241
f18db32e-7182-4d56-a75a-639c5f0b356b,arousal,2,8,45,31,N096,./images/N096.jpg,filter-hudson,filter-inkwell,filter-hudson,2133
f18db32e-7182-4d56-a75a-639c5f0b356b,arousal,2,9,45,28,N085,./images/N085.jpg,filter-hudson,filter-lark,filter-lark,1159
f18db32e-7182-4d56-a75a-639c5f0b356b,arousal,2,10,45,36,N031,./images/N031.jpg,filter-sutro,filter-gingham,filter-sutro,1117
f18db32e-7182-4d56-a75a-639c5f0b356b,arousal,2,11,45,2,N014,./images/N014.jpg,filter-gingham,filter-clarendon,filter-clarendon,1713
f18db32e-7182-4d56-a75a-639c5f0b356b,arousal,2,12,45,40,N102,./images/N102.jpg,filter-inkwell,filter-clarendon,filter-clarendon,1306
f18db32e-7182-4d56-a75a-639c5f0b356b,arousal,2,13,45,4,N093,./images/N093.jpg,filter-moon,filter-inkwell,filter-moon,1038
f18db32e-7182-4d56-a75a-639c5f0b356b,arousal,2,14,45,21,N097,./images/N097.jpg,filter-clarendon,filter-sutro,filter-clarendon,1222
f18db32e-7182-4d56-a75a-639c5f0b356b,arousal,2,15,45,27,N027,./images/N027.jpg,filter-lark,filter-moon,filter-lark,1344
f18db32e-7182-4d56-a75a-639c5f0b356b,arousal,2,16,45,10,N085,./images/N085.jpg,filter-hudson,filter-juno,filter-juno,2061
f18db32e-7182-4d56-a75a-639c5f0b356b,arousal,2,17,45,17,N023,./images/N023.jpg,filter-lofi,filter-gingham,filter-lofi,1289
f18db32e-7182-4d56-a75a-639c5f0b356b,arousal,2,18,45,15,N093,./images/N093.jpg,filter-moon,filter-juno,filter-juno,700
f18db32e-7182-4d56-a75a-639c5f0b356b,arousal,2,19,45,29,N017,./images/N017.jpg,filter-sutro,filter-1977,filter-sutro,2970
f18db32e-7182-4d56-a75a-639c5f0b356b,arousal,2,20,45,12,N030,./images/N030.jpg,filter-juno,filter-lark,filter-lark,1903
f18db32e-7182-4d56-a75a-639c5f0b356b,arousal,2,21,45,23,N095,./images/N095.jpg,filter-lark,filter-1977,filter-lark,1309
f18db32e-7182-4d56-a75a-639c5f0b356b,arousal,2,22,45,42,N002,./images/N002.jpg,filter-1977,filter-gingham,filter-gingham,1586
f18db32e-7182-4d56-a75a-639c5f0b356b,arousal,2,23,45,22,N096,./images/N096.jpg,filter-lark,filter-lofi,filter-lofi,1073
f18db32e-7182-4d56-a75a-639c5f0b356b,arousal,2,24,45,6,N108,./images/N108.jpg,filter-inkwell,filter-gingham,filter-gingham,920
f18db32e-7182-4d56-a75a-639c5f0b356b,arousal,2,25,45,41,N043,./images/N043.jpg,filter-inkwell,filter-sutro,filter-sutro,719
f18db32e-7182-4d56-a75a-639c5f0b356b,arousal,2,26,45,32,N102,./images/N102.jpg,filter-gingham,filter-lark,filter-lark,867
f18db32e-7182-4d56-a75a-639c5f0b356b,arousal,2,27,45,14,N030,./images/N030.jpg,filter-lofi,filter-juno,filter-juno,917
f18db32e-7182-4d56-a75a-639c5f0b356b,arousal,2,28,45,25,N095,./images/N095.jpg,filter-lark,filter-inkwell,filter-lark,2834
f18db32e-7182-4d56-a75a-639c5f0b356b,arousal,2,29,45,7,N043,./images/N043.jpg,filter-hudson,filter-moon,filter-hudson,1046
f18db32e-7182-4d56-a75a-639c5f0b356b,arousal,2,30,45,20,N088,./images/N088.jpg,filter-inkwell,filter-lofi,filter-lofi,1564
f18db32e-7182-4d56-a75a-639c5f0b356b,arousal,2,31,45,24,N096,./images/N096.jpg,filter-juno,filter-1977,filter-juno,1966
f18db32e-7182-4d56-a75a-639c5f0b356b,arousal,2,32,45,35,N017,./images/N017.jpg,filter-1977,filter-lofi,filter-1977,2289
f18db32e-7182-4d56-a75a-639c5f0b356b,arousal,2,33,45,18,N020,./images/N020.jpg,filter-hudson,filter-sutro,filter-sutro,920
f18db32e-7182-4d56-a75a-639c5f0b356b,arousal,2,34,45,34,N040,./images/N040.jpg,filter-lofi,filter-moon,filter-lofi,1066
f18db32e-7182-4d56-a75a-639c5f0b356b,arousal,2,35,45,8,N002,./images/N002.jpg,filter-gingham,filter-moon,filter-gingham,1947
f18db32e-7182-4d56-a75a-639c5f0b356b,arousal,2,36,45,45,N077,./images/N077.jpg,filter-clarendon,filter-moon,filter-clarendon,643
f18db32e-7182-4d56-a75a-639c5f0b356b,arousal,2,37,45,5,N108,./images/N108.jpg,filter-1977,filter-clarendon,filter-clarendon,1604
f18db32e-7182-4d56-a75a-639c5f0b356b,arousal,2,38,45,16,N027,./images/N027.jpg,filter-sutro,filter-juno,filter-juno,1266
f18db32e-7182-4d56-a75a-639c5f0b356b,arousal,2,39,45,1,N020,./images/N020.jpg,filter-gingham,filter-hudson,filter-gingham,1183
f18db32e-7182-4d56-a75a-639c5f0b356b,arousal,2,40,45,11,N040,./images/N040.jpg,filter-juno,filter-gingham,filter-juno,625
f18db32e-7182-4d56-a75a-639c5f0b356b,arousal,2,41,45,33,N031,./images/N031.jpg,filter-lofi,filter-clarendon,filter-clarendon,1286
f18db32e-7182-4d56-a75a-639c5f0b356b,arousal,2,42,45,9,N022,./images/N022.jpg,filter-clarendon,filter-hudson,filter-clarendon,1318
f18db32e-7182-4d56-a75a-639c5f0b356b,arousal,2,43,45,38,N023,./images/N023.jpg,filter-lofi,filter-sutro,filter-lofi,1093
f18db32e-7182-4d56-a75a-639c5f0b356b,arousal,2,44,45,26,N030,./images/N030.jpg,filter-1977,filter-hudson,filter-1977,1028
f18db32e-7182-4d56-a75a-639c5f0b356b,arousal,2,45,45,13,N014,./images/N014.jpg,filter-moon,filter-sutro,filter-moon,1838
08344ca2-cfb7-4ffc-85c7-f39c182a2e44,arousal,1,1,45,6,N108,./images/N108.jpg,filter-inkwell,filter-gingham,filter-inkwell,7777
08344ca2-cfb7-4ffc-85c7-f39c182a2e44,arousal,1,2,45,43,N097,./images/N097.jpg,filter-clarendon,filter-lark,filter-lark,8959
08344ca2-cfb7-4ffc-85c7-f39c182a2e44,arousal,1,3,45,31,N096,./images/N096.jpg,filter-hudson,filter-inkwell,filter-inkwell,2293
08344ca2-cfb7-4ffc-85c7-f39c182a2e44,arousal,1,4,45,1,N020,./images/N020.jpg,filter-gingham,filter-hudson,filter-hudson,2061
08344ca2-cfb7-4ffc-85c7-f39c182a2e44,arousal,1,5,45,17,N023,./images/N023.jpg,filter-lofi,filter-gingham,filter-lofi,1555
08344ca2-cfb7-4ffc-85c7-f39c182a2e44,arousal,1,6,45,24,N096,./images/N096.jpg,filter-juno,filter-1977,filter-1977,1087
08344ca2-cfb7-4ffc-85c7-f39c182a2e44,arousal,1,7,45,7,N043,./images/N043.jpg,filter-hudson,filter-moon,filter-moon,1673
08344ca2-cfb7-4ffc-85c7-f39c182a2e44,arousal,1,8,45,18,N020,./images/N020.jpg,filter-hudson,filter-sutro,filter-sutro,1436
08344ca2-cfb7-4ffc-85c7-f39c182a2e44,arousal,1,9,45,14,N030,./images/N030.jpg,filter-lofi,filter-juno,filter-lofi,2036
08344ca2-cfb7-4ffc-85c7-f39c182a2e44,arousal,1,10,45,26,N030,./images/N030.jpg,filter-1977,filter-hudson,filter-1977,2234
08344ca2-cfb7-4ffc-85c7-f39c182a2e44,arousal,1,11,45,45,N077,./images/N077.jpg,filter-clarendon,filter-moon,filter-moon,1410
08344ca2-cfb7-4ffc-85c7-f39c182a2e44,arousal,1,12,45,40,N102,./images/N102.jpg,filter-inkwell,filter-clarendon,filter-inkwell,1791
08344ca2-cfb7-4ffc-85c7-f39c182a2e44,arousal,1,13,45,35,N017,./images/N017.jpg,filter-1977,filter-lofi,filter-lofi,1547
08344ca2-cfb7-4ffc-85c7-f39c182a2e44,arousal,1,14,45,32,N102,./images/N102.jpg,filter-gingham,filter-lark,filter-gingham,6936
08344ca2-cfb7-4ffc-85c7-f39c182a2e44,arousal,1,15,45,11,N040,./images/N040.jpg,filter-juno,filter-gingham,filter-gingham,6447
08344ca2-cfb7-4ffc-85c7-f39c182a2e44,arousal,1,16,45,42,N002,./images/N002.jpg,filter-1977,filter-gingham,filter-gingham,1796
08344ca2-cfb7-4ffc-85c7-f39c182a2e44,arousal,1,17,45,5,N108,./images/N108.jpg,filter-1977,filter-clarendon,filter-clarendon,1765
08344ca2-cfb7-4ffc-85c7-f39c182a2e44,arousal,1,18,45,39,N088,./images/N088.jpg,filter-1977,filter-inkwell,filter-inkwell,694
08344ca2-cfb7-4ffc-85c7-f39c182a2e44,arousal,1,19,45,16,N027,./images/N027.jpg,filter-sutro,filter-juno,filter-sutro,2080
08344ca2-cfb7-4ffc-85c7-f39c182a2e44,arousal,1,20,45,44,N077,./images/N077.jpg,filter-juno,filter-inkwell,filter-inkwell,1042
08344ca2-cfb7-4ffc-85c7-f39c182a2e44,arousal,1,21,45,19,N040,./images/N040.jpg,filter-juno,filter-clarendon,filter-juno,1743
08344ca2-cfb7-4ffc-85c7-f39c182a2e44,arousal,1,22,45,20,N088,./images/N088.jpg,filter-inkwell,filter-lofi,filter-inkwell,1770
08344ca2-cfb7-4ffc-85c7-f39c182a2e44,arousal,1,23,45,34,N040,./images/N040.jpg,filter-lofi,filter-moon,filter-moon,4570
08344ca2-cfb7-4ffc-85c7-f39c182a2e44,arousal,1,24,45,22,N096,./images/N096.jpg,filter-lark,filter-lofi,filter-lofi,1018
08344ca2-cfb7-4ffc-85c7-f39c182a2e44,arousal,1,25,45,38,N023,./images/N023.jpg,filter-lofi,filter-sutro,filter-sutro,1614
08344ca2-cfb7-4ffc-85c7-f39c182a2e44,arousal,1,26,45,13,N014,./images/N014.jpg,filter-moon,filter-sutro,filter-sutro,1658
08344ca2-cfb7-4ffc-85c7-f39c182a2e44,arousal,1,27,45,28,N085,./images/N085.jpg,filter-hudson,filter-lark,filter-hudson,943
08344ca2-cfb7-4ffc-85c7-f39c182a2e44,arousal,1,28,45,4,N093,./images/N093.jpg,filter-moon,filter-inkwell,filter-inkwell,987
08344ca2-cfb7-4ffc-85c7-f39c182a2e44,arousal,1,29,45,15,N093,./images/N093.jpg,filter-moon,filter-juno,filter-moon,1717
08344ca2-cfb7-4ffc-85c7-f39c182a2e44,arousal,1,30,45,27,N027,./images/N027.jpg,filter-lark,filter-moon,filter-moon,1676
08344ca2-cfb7-4ffc-85c7-f39c182a2e44,arousal,1,31,45,10,N085,./images/N085.jpg,filter-hudson,filter-juno,filter-hudson,1264
08344ca2-cfb7-4ffc-85c7-f39c182a2e44,arousal,1,32,45,30,N097,./images/N097.jpg,filter-moon,filter-1977,filter-moon,1234
08344ca2-cfb7-4ffc-85c7-f39c182a2e44,arousal,1,33,45,37,N108,./images/N108.jpg,filter-sutro,filter-lark,filter-sutro,5249
08344ca2-cfb7-4ffc-85c7-f39c182a2e44,arousal,1,34,45,36,N031,./images/N031.jpg,filter-sutro,filter-gingham,filter-sutro,1491
08344ca2-cfb7-4ffc-85c7-f39c182a2e44,arousal,1,35,45,21,N097,./images/N097.jpg,filter-clarendon,filter-sutro,filter-sutro,805
08344ca2-cfb7-4ffc-85c7-f39c182a2e44,arousal,1,36,45,25,N095,./images/N095.jpg,filter-lark,filter-inkwell,filter-inkwell,672
08344ca2-cfb7-4ffc-85c7-f39c182a2e44,arousal,1,37,45,29,N017,./images/N017.jpg,filter-sutro,filter-1977,filter-sutro,1160
08344ca2-cfb7-4ffc-85c7-f39c182a2e44,arousal,1,38,45,3,N022,./images/N022.jpg,filter-lofi,filter-hudson,filter-lofi,3145
08344ca2-cfb7-4ffc-85c7-f39c182a2e44,arousal,1,39,45,33,N031,./images/N031.jpg,filter-lofi,filter-clarendon,filter-lofi,1374
08344ca2-cfb7-4ffc-85c7-f39c182a2e44,arousal,1,40,45,9,N022,./images/N022.jpg,filter-clarendon,filter-hudson,filter-hudson,2071
08344ca2-cfb7-4ffc-85c7-f39c182a2e44,arousal,1,41,45,8,N002,./images/N002.jpg,filter-gingham,filter-moon,filter-moon,996
08344ca2-cfb7-4ffc-85c7-f39c182a2e44,arousal,1,42,45,12,N030,./images/N030.jpg,filter-juno,filter-lark,filter-juno,3617
08344ca2-cfb7-4ffc-85c7-f39c182a2e44,arousal,1,43,45,23,N095,./images/N095.jpg,filter-lark,filter-1977,filter-lark,1471
08344ca2-cfb7-4ffc-85c7-f39c182a2e44,arousal,1,44,45,2,N014,./images/N014.jpg,filter-gingham,filter-clarendon,filter-gingham,1670
08344ca2-cfb7-4ffc-85c7-f39c182a2e44,arousal,1,45,45,41,N043,./images/N043.jpg,filter-inkwell,filter-sutro,filter-inkwell,1099
08344ca2-cfb7-4ffc-85c7-f39c182a2e44,valence,2,1,45,27,N014,./images/N014.jpg,filter-moon,filter-lofi,filter-lofi,4127
08344ca2-cfb7-4ffc-85c7-f39c182a2e44,valence,2,2,45,26,N096,./images/N096.jpg,filter-gingham,filter-lofi,filter-lofi,1912
08344ca2-cfb7-4ffc-85c7-f39c182a2e44,valence,2,3,45,13,N096,./images/N096.jpg,filter-hudson,filter-1977,filter-hudson,1206
08344ca2-cfb7-4ffc-85c7-f39c182a2e44,valence,2,4,45,1,N027,./images/N027.jpg,filter-sutro,filter-hudson,filter-hudson,1391
08344ca2-cfb7-4ffc-85c7-f39c182a2e44,valence,2,5,45,10,N022,./images/N022.jpg,filter-clarendon,filter-hudson,filter-hudson,1240
08344ca2-cfb7-4ffc-85c7-f39c182a2e44,valence,2,6,45,6,N096,./images/N096.jpg,filter-juno,filter-1977,filter-juno,1375
08344ca2-cfb7-4ffc-85c7-f39c182a2e44,valence,2,7,45,22,N085,./images/N085.jpg,filter-lark,filter-lofi,filter-lofi,1632
08344ca2-cfb7-4ffc-85c7-f39c182a2e44,valence,2,8,45,40,N017,./images/N017.jpg,filter-gingham,filter-lark,filter-lark,1382
08344ca2-cfb7-4ffc-85c7-f39c182a2e44,valence,2,9,45,12,N088,./images/N088.jpg,filter-sutro,filter-gingham,filter-gingham,1243
08344ca2-cfb7-4ffc-85c7-f39c182a2e44,valence,2,10,45,4,N040,./images/N040.jpg,filter-hudson,filter-juno,filter-juno,1222
08344ca2-cfb7-4ffc-85c7-f39c182a2e44,valence,2,11,45,41,N095,./images/N095.jpg,filter-moon,filter-hudson,filter-hudson,819
08344ca2-cfb7-4ffc-85c7-f39c182a2e44,valence,2,12,45,44,N085,./images/N085.jpg,filter-lofi,filter-1977,filter-lofi,4347
08344ca2-cfb7-4ffc-85c7-f39c182a2e44,valence,2,13,45,33,N002,./images/N002.jpg,filter-lark,filter-inkwell,filter-lark,968
08344ca2-cfb7-4ffc-85c7-f39c182a2e44,valence,2,14,45,36,N030,./images/N030.jpg,filter-1977,filter-clarendon,filter-clarendon,1148
08344ca2-cfb7-4ffc-85c7-f39c182a2e44,valence,2,15,45,35,N020,./images/N020.jpg,filter-hudson,filter-lark,filter-lark,1680
08344ca2-cfb7-4ffc-85c7-f39c182a2e44,valence,2,16,45,31,N022,./images/N022.jpg,filter-1977,filter-inkwell,filter-1977,1286
08344ca2-cfb7-4ffc-85c7-f39c182a2e44,valence,2,17,45,9,N093,./images/N093.jpg,filter-lofi,filter-hudson,filter-hudson,2712
08344ca2-cfb7-4ffc-85c7-f39c182a2e44,valence,2,18,45,3,N077,./images/N077.jpg,filter-lark,filter-clarendon,filter-lark,1566
08344ca2-cfb7-4ffc-85c7-f39c182a2e44,valence,2,19,45,20,N043,./images/N043.jpg,filter-lofi,filter-inkwell,filter-lofi,817
08344ca2-cfb7-4ffc-85c7-f39c182a2e44,valence,2,20,45,45,N088,./images/N088.jpg,filter-hudson,filter-inkwell,filter-hudson,2746
08344ca2-cfb7-4ffc-85c7-f39c182a2e44,valence,2,21,45,8,N023,./images/N023.jpg,filter-clarendon,filter-moon,filter-clarendon,1129
08344ca2-cfb7-4ffc-85c7-f39c182a2e44,valence,2,22,45,32,N043,./images/N043.jpg,filter-clarendon,filter-juno,filter-juno,918
08344ca2-cfb7-4ffc-85c7-f39c182a2e44,valence,2,23,45,7,N093,./images/N093.jpg,filter-moon,filter-lark,filter-lark,616
08344ca2-cfb7-4ffc-85c7-f39c182a2e44,valence,2,24,45,19,N017,./images/N017.jpg,filter-inkwell,filter-moon,filter-inkwell,2633
08344ca2-cfb7-4ffc-85c7-f39c182a2e44,valence,2,25,45,37,N097,./images/N097.jpg,filter-juno,filter-moon,filter-juno,1595
08344ca2-cfb7-4ffc-85c7-f39c182a2e44,valence,2,26,45,14,N023,./images/N023.jpg,filter-lofi,filter-sutro,filter-lofi,1759
08344ca2-cfb7-4ffc-85c7-f39c182a2e44,valence,2,27,45,43,N020,./images/N020.jpg,filter-juno,filter-gingham,filter-gingham,761
08344ca2-cfb7-4ffc-85c7-f39c182a2e44,valence,2,28,45,18,N093,./images/N093.jpg,filter-clarendon,filter-gingham,filter-gingham,3084
08344ca2-cfb7-4ffc-85c7-f39c182a2e44,valence,2,29,45,28,N095,./images/N095.jpg,filter-1977,filter-gingham,filter-gingham,648
08344ca2-cfb7-4ffc-85c7-f39c182a2e44,valence,2,30,45,29,N085,./images/N085.jpg,filter-lofi,filter-clarendon,filter-lofi,2260
08344ca2-cfb7-4ffc-85c7-f39c182a2e44,valence,2,31,45,15,N027,./images/N027.jpg,filter-lark,filter-sutro,filter-lark,946
08344ca2-cfb7-4ffc-85c7-f39c182a2e44,valence,2,32,45,42,N040,./images/N040.jpg,filter-gingham,filter-hudson,filter-hudson,715
08344ca2-cfb7-4ffc-85c7-f39c182a2e44,valence,2,33,45,5,N002,./images/N002.jpg,filter-inkwell,filter-clarendon,filter-clarendon,650
08344ca2-cfb7-4ffc-85c7-f39c182a2e44,valence,2,34,45,11,N108,./images/N108.jpg,filter-1977,filter-lark,filter-lark,2327
08344ca2-cfb7-4ffc-85c7-f39c182a2e44,valence,2,35,45,39,N102,./images/N102.jpg,filter-inkwell,filter-juno,filter-juno,1095
08344ca2-cfb7-4ffc-85c7-f39c182a2e44,valence,2,36,45,2,N030,./images/N030.jpg,filter-juno,filter-sutro,filter-juno,856
08344ca2-cfb7-4ffc-85c7-f39c182a2e44,valence,2,37,45,17,N014,./images/N014.jpg,filter-sutro,filter-clarendon,filter-sutro,1577
08344ca2-cfb7-4ffc-85c7-f39c182a2e44,valence,2,38,45,21,N095,./images/N095.jpg,filter-moon,filter-1977,filter-1977,690
08344ca2-cfb7-4ffc-85c7-f39c182a2e44,valence,2,39,45,24,N102,./images/N102.jpg,filter-inkwell,filter-sutro,filter-sutro,2649
08344ca2-cfb7-4ffc-85c7-f39c182a2e44,valence,2,40,45,30,N031,./images/N031.jpg,filter-sutro,filter-1977,filter-sutro,2434
08344ca2-cfb7-4ffc-85c7-f39c182a2e44,valence,2,41,45,38,N031,./images/N031.jpg,filter-lark,filter-juno,filter-juno,1004
08344ca2-cfb7-4ffc-85c7-f39c182a2e44,valence,2,42,45,34,N077,./images/N077.jpg,filter-sutro,filter-moon,filter-sutro,667
08344ca2-cfb7-4ffc-85c7-f39c182a2e44,valence,2,43,45,16,N097,./images/N097.jpg,filter-juno,filter-lofi,filter-lofi,1211
08344ca2-cfb7-4ffc-85c7-f39c182a2e44,valence,2,44,45,25,N022,./images/N022.jpg,filter-inkwell,filter-gingham,filter-gingham,1272
08344ca2-cfb7-4ffc-85c7-f39c182a2e44,valence,2,45,45,23,N108,./images/N108.jpg,filter-gingham,filter-moon,filter-gingham,835
dd15ebde-6a27-4c01-9f18-34f1dea85355,arousal,1,1,45,25,N095,./images/N095.jpg,filter-lark,filter-inkwell,filter-lark,1221
dd15ebde-6a27-4c01-9f18-34f1dea85355,arousal,1,2,45,15,N093,./images/N093.jpg,filter-moon,filter-juno,filter-juno,717
dd15ebde-6a27-4c01-9f18-34f1dea85355,arousal,1,3,45,32,N102,./images/N102.jpg,filter-gingham,filter-lark,filter-lark,1055
dd15ebde-6a27-4c01-9f18-34f1dea85355,arousal,1,4,45,41,N043,./images/N043.jpg,filter-inkwell,filter-sutro,filter-sutro,749
dd15ebde-6a27-4c01-9f18-34f1dea85355,arousal,1,5,45,43,N097,./images/N097.jpg,filter-clarendon,filter-lark,filter-clarendon,1122
dd15ebde-6a27-4c01-9f18-34f1dea85355,arousal,1,6,45,14,N030,./images/N030.jpg,filter-lofi,filter-juno,filter-juno,888
dd15ebde-6a27-4c01-9f18-34f1dea85355,arousal,1,7,45,30,N097,./images/N097.jpg,filter-moon,filter-1977,filter-1977,871
dd15ebde-6a27-4c01-9f18-34f1dea85355,arousal,1,8,45,18,N020,./images/N020.jpg,filter-hudson,filter-sutro,filter-hudson,808
dd15ebde-6a27-4c01-9f18-34f1dea85355,arousal,1,9,45,24,N096,./images/N096.jpg,filter-juno,filter-1977,filter-juno,850
dd15ebde-6a27-4c01-9f18-34f1dea85355,arousal,1,10,45,11,N040,./images/N040.jpg,filter-juno,filter-gingham,filter-gingham,947
dd15ebde-6a27-4c01-9f18-34f1dea85355,arousal,1,11,45,42,N002,./images/N002.jpg,filter-1977,filter-gingham,filter-gingham,956
dd15ebde-6a27-4c01-9f18-34f1dea85355,arousal,1,12,45,28,N085,./images/N085.jpg,filter-hudson,filter-lark,filter-lark,1045
dd15ebde-6a27-4c01-9f18-34f1dea85355,arousal,1,13,45,2,N014,./images/N014.jpg,filter-gingham,filter-clarendon,filter-clarendon,1067
dd15ebde-6a27-4c01-9f18-34f1dea85355,arousal,1,14,45,29,N017,./images/N017.jpg,filter-sutro,filter-1977,filter-sutro,1020
dd15ebde-6a27-4c01-9f18-34f1dea85355,arousal,1,15,45,36,N031,./images/N031.jpg,filter-sutro,filter-gingham,filter-sutro,922
dd15ebde-6a27-4c01-9f18-34f1dea85355,arousal,1,16,45,27,N027,./images/N027.jpg,filter-lark,filter-moon,filter-lark,1780
dd15ebde-6a27-4c01-9f18-34f1dea85355,arousal,1,17,45,44,N077,./images/N077.jpg,filter-juno,filter-inkwell,filter-inkwell,2343
dd15ebde-6a27-4c01-9f18-34f1dea85355,arousal,1,18,45,33,N031,./images/N031.jpg,filter-lofi,filter-clarendon,filter-clarendon,3608
dd15ebde-6a27-4c01-9f18-34f1dea85355,arousal,1,19,45,8,N002,./images/N002.jpg,filter-gingham,filter-moon,filter-gingham,1088
dd15ebde-6a27-4c01-9f18-34f1dea85355,arousal,1,20,45,38,N023,./images/N023.jpg,filter-lofi,filter-sutro,filter-lofi,1115
dd15ebde-6a27-4c01-9f18-34f1dea85355,arousal,1,21,45,23,N095,./images/N095.jpg,filter-lark,filter-1977,filter-lark,1068
dd15ebde-6a27-4c01-9f18-34f1dea85355,arousal,1,22,45,37,N108,./images/N108.jpg,filter-sutro,filter-lark,filter-sutro,875
dd15ebde-6a27-4c01-9f18-34f1dea85355,arousal,1,23,45,4,N093,./images/N093.jpg,filter-moon,filter-inkwell,filter-moon,1035
dd15ebde-6a27-4c01-9f18-34f1dea85355,arousal,1,24,45,10,N085,./images/N085.jpg,filter-hudson,filter-juno,filter-juno,1207
dd15ebde-6a27-4c01-9f18-34f1dea85355,arousal,1,25,45,5,N108,./images/N108.jpg,filter-1977,filter-clarendon,filter-1977,2228
dd15ebde-6a27-4c01-9f18-34f1dea85355,arousal,1,26,45,1,N020,./images/N020.jpg,filter-gingham,filter-hudson,filter-gingham,932
dd15ebde-6a27-4c01-9f18-34f1dea85355,arousal,1,27,45,34,N040,./images/N040.jpg,filter-lofi,filter-moon,filter-lofi,953
dd15ebde-6a27-4c01-9f18-34f1dea85355,arousal,1,28,45,40,N102,./images/N102.jpg,filter-inkwell,filter-clarendon,filter-clarendon,848
dd15ebde-6a27-4c01-9f18-34f1dea85355,arousal,1,29,45,12,N030,./images/N030.jpg,filter-juno,filter-lark,filter-juno,2223
dd15ebde-6a27-4c01-9f18-34f1dea85355,arousal,1,30,45,21,N097,./images/N097.jpg,filter-clarendon,filter-sutro,filter-clarendon,1461
dd15ebde-6a27-4c01-9f18-34f1dea85355,arousal,1,31,45,31,N096,./images/N096.jpg,filter-hudson,filter-inkwell,filter-hudson,1198
dd15ebde-6a27-4c01-9f18-34f1dea85355,arousal,1,32,45,35,N017,./images/N017.jpg,filter-1977,filter-lofi,filter-1977,712
dd15ebde-6a27-4c01-9f18-34f1dea85355,arousal,1,33,45,39,N088,./images/N088.jpg,filter-1977,filter-inkwell,filter-1977,1196
dd15ebde-6a27-4c01-9f18-34f1dea85355,arousal,1,34,45,26,N030,./images/N030.jpg,filter-1977,filter-hudson,filter-1977,955
dd15ebde-6a27-4c01-9f18-34f1dea85355,arousal,1,35,45,20,N088,./images/N088.jpg,filter-inkwell,filter-lofi,filter-lofi,1172
dd15ebde-6a27-4c01-9f18-34f1dea85355,arousal,1,36,45,22,N096,./images/N096.jpg,filter-lark,filter-lofi,filter-lofi,1021
dd15ebde-6a27-4c01-9f18-34f1dea85355,arousal,1,37,45,16,N027,./images/N027.jpg,filter-sutro,filter-juno,filter-sutro,2793
dd15ebde-6a27-4c01-9f18-34f1dea85355,arousal,1,38,45,7,N043,./images/N043.jpg,filter-hudson,filter-moon,filter-hudson,1081
dd15ebde-6a27-4c01-9f18-34f1dea85355,arousal,1,39,45,19,N040,./images/N040.jpg,filter-juno,filter-clarendon,filter-juno,1572
dd15ebde-6a27-4c01-9f18-34f1dea85355,arousal,1,40,45,3,N022,./images/N022.jpg,filter-lofi,filter-hudson,filter-lofi,1168
dd15ebde-6a27-4c01-9f18-34f1dea85355,arousal,1,41,45,6,N108,./images/N108.jpg,filter-inkwell,filter-gingham,filter-gingham,1957
dd15ebde-6a27-4c01-9f18-34f1dea85355,arousal,1,42,45,17,N023,./images/N023.jpg,filter-lofi,filter-gingham,filter-gingham,1149
dd15ebde-6a27-4c01-9f18-34f1dea85355,arousal,1,43,45,9,N022,./images/N022.jpg,filter-clarendon,filter-hudson,filter-clarendon,1769
dd15ebde-6a27-4c01-9f18-34f1dea85355,arousal,1,44,45,45,N077,./images/N077.jpg,filter-clarendon,filter-moon,filter-moon,1464
dd15ebde-6a27-4c01-9f18-34f1dea85355,arousal,1,45,45,13,N014,./images/N014.jpg,filter-moon,filter-sutro,filter-sutro,1455
dd15ebde-6a27-4c01-9f18-34f1dea85355,valence,2,1,45,37,N097,./images/N097.jpg,filter-juno,filter-moon,filter-juno,1977
dd15ebde-6a27-4c01-9f18-34f1dea85355,valence,2,2,45,25,N022,./images/N022.jpg,filter-inkwell,filter-gingham,filter-gingham,1245
dd15ebde-6a27-4c01-9f18-34f1dea85355,valence,2,3,45,31,N022,./images/N022.jpg,filter-1977,filter-inkwell,filter-1977,960
dd15ebde-6a27-4c01-9f18-34f1dea85355,valence,2,4,45,6,N096,./images/N096.jpg,filter-juno,filter-1977,filter-juno,1298
dd15ebde-6a27-4c01-9f18-34f1dea85355,valence,2,5,45,21,N095,./images/N095.jpg,filter-moon,filter-1977,filter-1977,3027
dd15ebde-6a27-4c01-9f18-34f1dea85355,valence,2,6,45,36,N030,./images/N030.jpg,filter-1977,filter-clarendon,filter-clarendon,1049
dd15ebde-6a27-4c01-9f18-34f1dea85355,valence,2,7,45,12,N088,./images/N088.jpg,filter-sutro,filter-gingham,filter-gingham,931
dd15ebde-6a27-4c01-9f18-34f1dea85355,valence,2,8,45,22,N085,./images/N085.jpg,filter-lark,filter-lofi,filter-lark,1126
dd15ebde-6a27-4c01-9f18-34f1dea85355,valence,2,9,45,9,N093,./images/N093.jpg,filter-lofi,filter-hudson,filter-hudson,1458
dd15ebde-6a27-4c01-9f18-34f1dea85355,valence,2,10,45,20,N043,./images/N043.jpg,filter-lofi,filter-inkwell,filter-lofi,1121
dd15ebde-6a27-4c01-9f18-34f1dea85355,valence,2,11,45,26,N096,./images/N096.jpg,filter-gingham,filter-lofi,filter-gingham,1865
dd15ebde-6a27-4c01-9f18-34f1dea85355,valence,2,12,45,40,N017,./images/N017.jpg,filter-gingham,filter-lark,filter-gingham,2261
dd15ebde-6a27-4c01-9f18-34f1dea85355,valence,2,13,45,2,N030,./images/N030.jpg,filter-juno,filter-sutro,filter-juno,1096
dd15ebde-6a27-4c01-9f18-34f1dea85355,valence,2,14,45,19,N017,./images/N017.jpg,filter-inkwell,filter-moon,filter-inkwell,2523
dd15ebde-6a27-4c01-9f18-34f1dea85355,valence,2,15,45,18,N093,./images/N093.jpg,filter-clarendon,filter-gingham,filter-gingham,2235
dd15ebde-6a27-4c01-9f18-34f1dea85355,valence,2,16,45,4,N040,./images/N040.jpg,filter-hudson,filter-juno,filter-juno,2066
dd15ebde-6a27-4c01-9f18-34f1dea85355,valence,2,17,45,14,N023,./images/N023.jpg,filter-lofi,filter-sutro,filter-lofi,1444
dd15ebde-6a27-4c01-9f18-34f1dea85355,valence,2,18,45,38,N031,./images/N031.jpg,filter-lark,filter-juno,filter-lark,1183
dd15ebde-6a27-4c01-9f18-34f1dea85355,valence,2,19,45,30,N031,./images/N031.jpg,filter-sutro,filter-1977,filter-1977,2096
dd15ebde-6a27-4c01-9f18-34f1dea85355,valence,2,20,45,15,N027,./images/N027.jpg,filter-lark,filter-sutro,filter-lark,1826
dd15ebde-6a27-4c01-9f18-34f1dea85355,valence,2,21,45,32,N043,./images/N043.jpg,filter-clarendon,filter-juno,filter-clarendon,1714
dd15ebde-6a27-4c01-9f18-34f1dea85355,valence,2,22,45,5,N002,./images/N002.jpg,filter-inkwell,filter-clarendon,filter-inkwell,4356
dd15ebde-6a27-4c01-9f18-34f1dea85355,valence,2,23,45,24,N102,./images/N102.jpg,filter-inkwell,filter-sutro,filter-inkwell,1723
dd15ebde-6a27-4c01-9f18-34f1dea85355,valence,2,24,45,27,N014,./images/N014.jpg,filter-moon,filter-lofi,filter-lofi,1338
dd15ebde-6a27-4c01-9f18-34f1dea85355,valence,2,25,45,45,N088,./images/N088.jpg,filter-hudson,filter-inkwell,filter-inkwell,1831
dd15ebde-6a27-4c01-9f18-34f1dea85355,valence,2,26,45,44,N085,./images/N085.jpg,filter-lofi,filter-1977,filter-1977,1769
dd15ebde-6a27-4c01-9f18-34f1dea85355,valence,2,27,45,23,N108,./images/N108.jpg,filter-gingham,filter-moon,filter-gingham,1873
dd15ebde-6a27-4c01-9f18-34f1dea85355,valence,2,28,45,10,N022,./images/N022.jpg,filter-clarendon,filter-hudson,filter-hudson,1630
dd15ebde-6a27-4c01-9f18-34f1dea85355,valence,2,29,45,41,N095,./images/N095.jpg,filter-moon,filter-hudson,filter-hudson,1469
dd15ebde-6a27-4c01-9f18-34f1dea85355,valence,2,30,45,42,N040,./images/N040.jpg,filter-gingham,filter-hudson,filter-hudson,2307
dd15ebde-6a27-4c01-9f18-34f1dea85355,valence,2,31,45,8,N023,./images/N023.jpg,filter-clarendon,filter-moon,filter-clarendon,1308
dd15ebde-6a27-4c01-9f18-34f1dea85355,valence,2,32,45,33,N002,./images/N002.jpg,filter-lark,filter-inkwell,filter-inkwell,1936
dd15ebde-6a27-4c01-9f18-34f1dea85355,valence,2,33,45,17,N014,./images/N014.jpg,filter-sutro,filter-clarendon,filter-clarendon,1808
dd15ebde-6a27-4c01-9f18-34f1dea85355,valence,2,34,45,7,N093,./images/N093.jpg,filter-moon,filter-lark,filter-lark,2182
dd15ebde-6a27-4c01-9f18-34f1dea85355,valence,2,35,45,29,N085,./images/N085.jpg,filter-lofi,filter-clarendon,filter-clarendon,1515
dd15ebde-6a27-4c01-9f18-34f1dea85355,valence,2,36,45,28,N095,./images/N095.jpg,filter-1977,filter-gingham,filter-gingham,1051
dd15ebde-6a27-4c01-9f18-34f1dea85355,valence,2,37,45,1,N027,./images/N027.jpg,filter-sutro,filter-hudson,filter-hudson,1074
dd15ebde-6a27-4c01-9f18-34f1dea85355,valence,2,38,45,16,N097,./images/N097.jpg,filter-juno,filter-lofi,filter-juno,785
dd15ebde-6a27-4c01-9f18-34f1dea85355,valence,2,39,45,39,N102,./images/N102.jpg,filter-inkwell,filter-juno,filter-inkwell,1062
dd15ebde-6a27-4c01-9f18-34f1dea85355,valence,2,40,45,3,N077,./images/N077.jpg,filter-lark,filter-clarendon,filter-lark,2388
dd15ebde-6a27-4c01-9f18-34f1dea85355,valence,2,41,45,11,N108,./images/N108.jpg,filter-1977,filter-lark,filter-lark,1859
dd15ebde-6a27-4c01-9f18-34f1dea85355,valence,2,42,45,34,N077,./images/N077.jpg,filter-sutro,filter-moon,filter-moon,2177
dd15ebde-6a27-4c01-9f18-34f1dea85355,valence,2,43,45,13,N096,./images/N096.jpg,filter-hudson,filter-1977,filter-hudson,1338
dd15ebde-6a27-4c01-9f18-34f1dea85355,valence,2,44,45,43,N020,./images/N020.jpg,filter-juno,filter-gingham,filter-juno,1323
dd15ebde-6a27-4c01-9f18-34f1dea85355,valence,2,45,45,35,N020,./images/N020.jpg,filter-hudson,filter-lark,filter-lark,849
72679340-0436-4583-8236-5e0368a21467,valence,1,1,45,9,N093,./images/N093.jpg,filter-lofi,filter-hudson,filter-hudson,7138
72679340-0436-4583-8236-5e0368a21467,valence,1,2,45,19,N017,./images/N017.jpg,filter-inkwell,filter-moon,filter-moon,1625
72679340-0436-4583-8236-5e0368a21467,valence,1,3,45,4,N040,./images/N040.jpg,filter-hudson,filter-juno,filter-juno,4244
72679340-0436-4583-8236-5e0368a21467,valence,1,4,45,31,N022,./images/N022.jpg,filter-1977,filter-inkwell,filter-1977,2760
72679340-0436-4583-8236-5e0368a21467,valence,1,5,45,16,N097,./images/N097.jpg,filter-juno,filter-lofi,filter-juno,1100
72679340-0436-4583-8236-5e0368a21467,valence,1,6,45,2,N030,./images/N030.jpg,filter-juno,filter-sutro,filter-juno,907
72679340-0436-4583-8236-5e0368a21467,valence,1,7,45,1,N027,./images/N027.jpg,filter-sutro,filter-hudson,filter-sutro,884
72679340-0436-4583-8236-5e0368a21467,valence,1,8,45,33,N002,./images/N002.jpg,filter-lark,filter-inkwell,filter-lark,669
72679340-0436-4583-8236-5e0368a21467,valence,1,9,45,44,N085,./images/N085.jpg,filter-lofi,filter-1977,filter-1977,1410
72679340-0436-4583-8236-5e0368a21467,valence,1,10,45,35,N020,./images/N020.jpg,filter-hudson,filter-lark,filter-lark,1451
72679340-0436-4583-8236-5e0368a21467,valence,1,11,45,41,N095,./images/N095.jpg,filter-moon,filter-hudson,filter-hudson,880
72679340-0436-4583-8236-5e0368a21467,valence,1,12,45,15,N027,./images/N027.jpg,filter-lark,filter-sutro,filter-sutro,1206
72679340-0436-4583-8236-5e0368a21467,valence,1,13,45,10,N022,./images/N022.jpg,filter-clarendon,filter-hudson,filter-hudson,1318
72679340-0436-4583-8236-5e0368a21467,valence,1,14,45,12,N088,./images/N088.jpg,filter-sutro,filter-gingham,filter-gingham,971
72679340-0436-4583-8236-5e0368a21467,valence,1,15,45,6,N096,./images/N096.jpg,filter-juno,filter-1977,filter-juno,1154
72679340-0436-4583-8236-5e0368a21467,valence,1,16,45,43,N020,./images/N020.jpg,filter-juno,filter-gingham,filter-juno,2208
72679340-0436-4583-8236-5e0368a21467,valence,1,17,45,29,N085,./images/N085.jpg,filter-lofi,filter-clarendon,filter-lofi,4659
72679340-0436-4583-8236-5e0368a21467,valence,1,18,45,5,N002,./images/N002.jpg,filter-inkwell,filter-clarendon,filter-clarendon,1027
72679340-0436-4583-8236-5e0368a21467,valence,1,19,45,37,N097,./images/N097.jpg,filter-juno,filter-moon,filter-juno,1658
72679340-0436-4583-8236-5e0368a21467,valence,1,20,45,17,N014,./images/N014.jpg,filter-sutro,filter-clarendon,filter-sutro,1041
72679340-0436-4583-8236-5e0368a21467,valence,1,21,45,7,N093,./images/N093.jpg,filter-moon,filter-lark,filter-lark,798
72679340-0436-4583-8236-5e0368a21467,valence,1,22,45,21,N095,./images/N095.jpg,filter-moon,filter-1977,filter-1977,757
72679340-0436-4583-8236-5e0368a21467,valence,1,23,45,26,N096,./images/N096.jpg,filter-gingham,filter-lofi,filter-lofi,847
72679340-0436-4583-8236-5e0368a21467,valence,1,24,45,39,N102,./images/N102.jpg,filter-inkwell,filter-juno,filter-juno,776
72679340-0436-4583-8236-5e0368a21467,valence,1,25,45,8,N023,./images/N023.jpg,filter-clarendon,filter-moon,filter-clarendon,769
72679340-0436-4583-8236-5e0368a21467,valence,1,26,45,20,N043,./images/N043.jpg,filter-lofi,filter-inkwell,filter-lofi,584
72679340-0436-4583-8236-5e0368a21467,valence,1,27,45,34,N077,./images/N077.jpg,filter-sutro,filter-moon,filter-sutro,606
72679340-0436-4583-8236-5e0368a21467,valence,1,28,45,13,N096,./images/N096.jpg,filter-hudson,filter-1977,filter-hudson,1057
72679340-0436-4583-8236-5e0368a21467,valence,1,29,45,25,N022,./images/N022.jpg,filter-inkwell,filter-gingham,filter-gingham,689
72679340-0436-4583-8236-5e0368a21467,valence,1,30,45,23,N108,./images/N108.jpg,filter-gingham,filter-moon,filter-gingham,1248
72679340-0436-4583-8236-5e0368a21467,valence,1,31,45,18,N093,./images/N093.jpg,filter-clarendon,filter-gingham,filter-clarendon,882
72679340-0436-4583-8236-5e0368a21467,valence,1,32,45,14,N023,./images/N023.jpg,filter-lofi,filter-sutro,filter-lofi,831
72679340-0436-4583-8236-5e0368a21467,valence,1,33,45,36,N030,./images/N030.jpg,filter-1977,filter-clarendon,filter-clarendon,681
72679340-0436-4583-8236-5e0368a21467,valence,1,34,45,42,N040,./images/N040.jpg,filter-gingham,filter-hudson,filter-gingham,1402
72679340-0436-4583-8236-5e0368a21467,valence,1,35,45,38,N031,./images/N031.jpg,filter-lark,filter-juno,filter-juno,1298
72679340-0436-4583-8236-5e0368a21467,valence,1,36,45,27,N014,./images/N014.jpg,filter-moon,filter-lofi,filter-lofi,761
72679340-0436-4583-8236-5e0368a21467,valence,1,37,45,45,N088,./images/N088.jpg,filter-hudson,filter-inkwell,filter-inkwell,836
72679340-0436-4583-8236-5e0368a21467,valence,1,38,45,22,N085,./images/N085.jpg,filter-lark,filter-lofi,filter-lofi,2165
72679340-0436-4583-8236-5e0368a21467,valence,1,39,45,11,N108,./images/N108.jpg,filter-1977,filter-lark,filter-1977,1998
72679340-0436-4583-8236-5e0368a21467,valence,1,40,45,32,N043,./images/N043.jpg,filter-clarendon,filter-juno,filter-juno,980
72679340-0436-4583-8236-5e0368a21467,valence,1,41,45,24,N102,./images/N102.jpg,filter-inkwell,filter-sutro,filter-sutro,1454
72679340-0436-4583-8236-5e0368a21467,valence,1,42,45,3,N077,./images/N077.jpg,filter-lark,filter-clarendon,filter-lark,1394
72679340-0436-4583-8236-5e0368a21467,valence,1,43,45,40,N017,./images/N017.jpg,filter-gingham,filter-lark,filter-lark,1094
72679340-0436-4583-8236-5e0368a21467,valence,1,44,45,28,N095,./images/N095.jpg,filter-1977,filter-gingham,filter-gingham,1595
72679340-0436-4583-8236-5e0368a21467,valence,1,45,45,30,N031,./images/N031.jpg,filter-sutro,filter-1977,filter-1977,1056
72679340-0436-4583-8236-5e0368a21467,arousal,2,1,45,32,N102,./images/N102.jpg,filter-gingham,filter-lark,filter-lark,5324
72679340-0436-4583-8236-5e0368a21467,arousal,2,2,45,35,N017,./images/N017.jpg,filter-1977,filter-lofi,filter-lofi,1296
72679340-0436-4583-8236-5e0368a21467,arousal,2,3,45,22,N096,./images/N096.jpg,filter-lark,filter-lofi,filter-lofi,1085
72679340-0436-4583-8236-5e0368a21467,arousal,2,4,45,6,N108,./images/N108.jpg,filter-inkwell,filter-gingham,filter-inkwell,1384
72679340-0436-4583-8236-5e0368a21467,arousal,2,5,45,34,N040,./images/N040.jpg,filter-lofi,filter-moon,filter-lofi,3130
72679340-0436-4583-8236-5e0368a21467,arousal,2,6,45,18,N020,./images/N020.jpg,filter-hudson,filter-sutro,filter-hudson,1331
72679340-0436-4583-8236-5e0368a21467,arousal,2,7,45,20,N088,./images/N088.jpg,filter-inkwell,filter-lofi,filter-lofi,1175
72679340-0436-4583-8236-5e0368a21467,arousal,2,8,45,2,N014,./images/N014.jpg,filter-gingham,filter-clarendon,filter-gingham,2342
72679340-0436-4583-8236-5e0368a21467,arousal,2,9,45,3,N022,./images/N022.jpg,filter-lofi,filter-hudson,filter-lofi,1336
72679340-0436-4583-8236-5e0368a21467,arousal,2,10,45,43,N097,./images/N097.jpg,filter-clarendon,filter-lark,filter-clarendon,1699
72679340-0436-4583-8236-5e0368a21467,arousal,2,11,45,33,N031,./images/N031.jpg,filter-lofi,filter-clarendon,filter-clarendon,1840
72679340-0436-4583-8236-5e0368a21467,arousal,2,12,45,28,N085,./images/N085.jpg,filter-hudson,filter-lark,filter-lark,1096
72679340-0436-4583-8236-5e0368a21467,arousal,2,13,45,31,N096,./images/N096.jpg,filter-hudson,filter-inkwell,filter-hudson,1040
72679340-0436-4583-8236-5e0368a21467,arousal,2,14,45,40,N102,./images/N102.jpg,filter-inkwell,filter-clarendon,filter-clarendon,2297
72679340-0436-4583-8236-5e0368a21467,arousal,2,15,45,39,N088,./images/N088.jpg,filter-1977,filter-inkwell,filter-1977,816
72679340-0436-4583-8236-5e0368a21467,arousal,2,16,45,16,N027,./images/N027.jpg,filter-sutro,filter-juno,filter-sutro,1443
72679340-0436-4583-8236-5e0368a21467,arousal,2,17,45,19,N040,./images/N040.jpg,filter-juno,filter-clarendon,filter-juno,1701
72679340-0436-4583-8236-5e0368a21467,arousal,2,18,45,44,N077,./images/N077.jpg,filter-juno,filter-inkwell,filter-inkwell,3465
72679340-0436-4583-8236-5e0368a21467,arousal,2,19,45,30,N097,./images/N097.jpg,filter-moon,filter-1977,filter-1977,1386
72679340-0436-4583-8236-5e0368a21467,arousal,2,20,45,24,N096,./images/N096.jpg,filter-juno,filter-1977,filter-1977,756
72679340-0436-4583-8236-5e0368a21467,arousal,2,21,45,12,N030,./images/N030.jpg,filter-juno,filter-lark,filter-lark,1872
72679340-0436-4583-8236-5e0368a21467,arousal,2,22,45,15,N093,./images/N093.jpg,filter-moon,filter-juno,filter-moon,1501
72679340-0436-4583-8236-5e0368a21467,arousal,2,23,45,8,N002,./images/N002.jpg,filter-gingham,filter-moon,filter-moon,1792
72679340-0436-4583-8236-5e0368a21467,arousal,2,24,45,17,N023,./images/N023.jpg,filter-lofi,filter-gingham,filter-gingham,1571
72679340-0436-4583-8236-5e0368a21467,arousal,2,25,45,5,N108,./images/N108.jpg,filter-1977,filter-clarendon,filter-1977,2273
72679340-0436-4583-8236-5e0368a21467,arousal,2,26,45,41,N043,./images/N043.jpg,filter-inkwell,filter-sutro,filter-sutro,3990
72679340-0436-4583-8236-5e0368a21467,arousal,2,27,45,45,N077,./images/N077.jpg,filter-clarendon,filter-moon,filter-moon,2562
72679340-0436-4583-8236-5e0368a21467,arousal,2,28,45,38,N023,./images/N023.jpg,filter-lofi,filter-sutro,filter-sutro,1413
72679340-0436-4583-8236-5e0368a21467,arousal,2,29,45,26,N030,./images/N030.jpg,filter-1977,filter-hudson,filter-1977,1317
72679340-0436-4583-8236-5e0368a21467,arousal,2,30,45,11,N040,./images/N040.jpg,filter-juno,filter-gingham,filter-juno,4318
72679340-0436-4583-8236-5e0368a21467,arousal,2,31,45,23,N095,./images/N095.jpg,filter-lark,filter-1977,filter-lark,998
72679340-0436-4583-8236-5e0368a21467,arousal,2,32,45,9,N022,./images/N022.jpg,filter-clarendon,filter-hudson,filter-hudson,4500
72679340-0436-4583-8236-5e0368a21467,arousal,2,33,45,42,N002,./images/N002.jpg,filter-1977,filter-gingham,filter-gingham,1159
72679340-0436-4583-8236-5e0368a21467,arousal,2,34,45,4,N093,./images/N093.jpg,filter-moon,filter-inkwell,filter-inkwell,1165
72679340-0436-4583-8236-5e0368a21467,arousal,2,35,45,7,N043,./images/N043.jpg,filter-hudson,filter-moon,filter-moon,905
72679340-0436-4583-8236-5e0368a21467,arousal,2,36,45,14,N030,./images/N030.jpg,filter-lofi,filter-juno,filter-juno,1436
72679340-0436-4583-8236-5e0368a21467,arousal,2,37,45,27,N027,./images/N027.jpg,filter-lark,filter-moon,filter-moon,969
72679340-0436-4583-8236-5e0368a21467,arousal,2,38,45,36,N031,./images/N031.jpg,filter-sutro,filter-gingham,filter-gingham,1971
72679340-0436-4583-8236-5e0368a21467,arousal,2,39,45,37,N108,./images/N108.jpg,filter-sutro,filter-lark,filter-lark,878
72679340-0436-4583-8236-5e0368a21467,arousal,2,40,45,10,N085,./images/N085.jpg,filter-hudson,filter-juno,filter-juno,693
72679340-0436-4583-8236-5e0368a21467,arousal,2,41,45,21,N097,./images/N097.jpg,filter-clarendon,filter-sutro,filter-sutro,759
72679340-0436-4583-8236-5e0368a21467,arousal,2,42,45,13,N014,./images/N014.jpg,filter-moon,filter-sutro,filter-sutro,829
72679340-0436-4583-8236-5e0368a21467,arousal,2,43,45,29,N017,./images/N017.jpg,filter-sutro,filter-1977,filter-sutro,866
72679340-0436-4583-8236-5e0368a21467,arousal,2,44,45,25,N095,./images/N095.jpg,filter-lark,filter-inkwell,filter-lark,666
72679340-0436-4583-8236-5e0368a21467,arousal,2,45,45,1,N020,./images/N020.jpg,filter-gingham,filter-hudson,filter-hudson,341
81b5f804-e142-449f-b0f1-cb5e207179a0,valence,1,1,45,15,N027,./images/N027.jpg,filter-lark,filter-sutro,filter-lark,9824
81b5f804-e142-449f-b0f1-cb5e207179a0,valence,1,2,45,18,N093,./images/N093.jpg,filter-clarendon,filter-gingham,filter-gingham,5799
81b5f804-e142-449f-b0f1-cb5e207179a0,valence,1,3,45,43,N020,./images/N020.jpg,filter-juno,filter-gingham,filter-juno,4231
81b5f804-e142-449f-b0f1-cb5e207179a0,valence,1,4,45,7,N093,./images/N093.jpg,filter-moon,filter-lark,filter-lark,2912
81b5f804-e142-449f-b0f1-cb5e207179a0,valence,1,5,45,6,N096,./images/N096.jpg,filter-juno,filter-1977,filter-juno,3353
81b5f804-e142-449f-b0f1-cb5e207179a0,valence,1,6,45,34,N077,./images/N077.jpg,filter-sutro,filter-moon,filter-sutro,7739
81b5f804-e142-449f-b0f1-cb5e207179a0,valence,1,7,45,25,N022,./images/N022.jpg,filter-inkwell,filter-gingham,filter-gingham,1645
81b5f804-e142-449f-b0f1-cb5e207179a0,valence,1,8,45,29,N085,./images/N085.jpg,filter-lofi,filter-clarendon,filter-clarendon,3310
81b5f804-e142-449f-b0f1-cb5e207179a0,valence,1,9,45,27,N014,./images/N014.jpg,filter-moon,filter-lofi,filter-lofi,2081
81b5f804-e142-449f-b0f1-cb5e207179a0,valence,1,10,45,19,N017,./images/N017.jpg,filter-inkwell,filter-moon,filter-inkwell,6196
81b5f804-e142-449f-b0f1-cb5e207179a0,valence,1,11,45,9,N093,./images/N093.jpg,filter-lofi,filter-hudson,filter-hudson,2345
81b5f804-e142-449f-b0f1-cb5e207179a0,valence,1,12,45,14,N023,./images/N023.jpg,filter-lofi,filter-sutro,filter-lofi,2949
81b5f804-e142-449f-b0f1-cb5e207179a0,valence,1,13,45,13,N096,./images/N096.jpg,filter-hudson,filter-1977,filter-hudson,1749
81b5f804-e142-449f-b0f1-cb5e207179a0,valence,1,14,45,41,N095,./images/N095.jpg,filter-moon,filter-hudson,filter-hudson,2009
81b5f804-e142-449f-b0f1-cb5e207179a0,valence,1,15,45,31,N022,./images/N022.jpg,filter-1977,filter-inkwell,filter-1977,4185
81b5f804-e142-449f-b0f1-cb5e207179a0,valence,1,16,45,8,N023,./images/N023.jpg,filter-clarendon,filter-moon,filter-moon,8231
81b5f804-e142-449f-b0f1-cb5e207179a0,valence,1,17,45,1,N027,./images/N027.jpg,filter-sutro,filter-hudson,filter-hudson,1908
81b5f804-e142-449f-b0f1-cb5e207179a0,valence,1,18,45,35,N020,./images/N020.jpg,filter-hudson,filter-lark,filter-lark,2874
81b5f804-e142-449f-b0f1-cb5e207179a0,valence,1,19,45,38,N031,./images/N031.jpg,filter-lark,filter-juno,filter-lark,2706
81b5f804-e142-449f-b0f1-cb5e207179a0,valence,1,20,45,21,N095,./images/N095.jpg,filter-moon,filter-1977,filter-moon,2594
81b5f804-e142-449f-b0f1-cb5e207179a0,valence,1,21,45,32,N043,./images/N043.jpg,filter-clarendon,filter-juno,filter-juno,2203
81b5f804-e142-449f-b0f1-cb5e207179a0,valence,1,22,45,11,N108,./images/N108.jpg,filter-1977,filter-lark,filter-lark,4278
81b5f804-e142-449f-b0f1-cb5e207179a0,valence,1,23,45,23,N108,./images/N108.jpg,filter-gingham,filter-moon,filter-gingham,1342
81b5f804-e142-449f-b0f1-cb5e207179a0,valence,1,24,45,17,N014,./images/N014.jpg,filter-sutro,filter-clarendon,filter-sutro,1341
81b5f804-e142-449f-b0f1-cb5e207179a0,valence,1,25,45,30,N031,./images/N031.jpg,filter-sutro,filter-1977,filter-1977,1749
81b5f804-e142-449f-b0f1-cb5e207179a0,valence,1,26,45,37,N097,./images/N097.jpg,filter-juno,filter-moon,filter-juno,2266
81b5f804-e142-449f-b0f1-cb5e207179a0,valence,1,27,45,2,N030,./images/N030.jpg,filter-juno,filter-sutro,filter-juno,1407
81b5f804-e142-449f-b0f1-cb5e207179a0,valence,1,28,45,33,N002,./images/N002.jpg,filter-lark,filter-inkwell,filter-inkwell,2812
81b5f804-e142-449f-b0f1-cb5e207179a0,valence,1,29,45,26,N096,./images/N096.jpg,filter-gingham,filter-lofi,filter-gingham,2234
81b5f804-e142-449f-b0f1-cb5e207179a0,valence,1,30,45,3,N077,./images/N077.jpg,filter-lark,filter-clarendon,filter-lark,2119
81b5f804-e142-449f-b0f1-cb5e207179a0,valence,1,31,45,20,N043,./images/N043.jpg,filter-lofi,filter-inkwell,filter-inkwell,3275
81b5f804-e142-449f-b0f1-cb5e207179a0,valence,1,32,45,12,N088,./images/N088.jpg,filter-sutro,filter-gingham,filter-gingham,1422
81b5f804-e142-449f-b0f1-cb5e207179a0,valence,1,33,45,28,N095,./images/N095.jpg,filter-1977,filter-gingham,filter-gingham,1305
81b5f804-e142-449f-b0f1-cb5e207179a0,valence,1,34,45,4,N040,./images/N040.jpg,filter-hudson,filter-juno,filter-hudson,5645
81b5f804-e142-449f-b0f1-cb5e207179a0,valence,1,35,45,36,N030,./images/N030.jpg,filter-1977,filter-clarendon,filter-clarendon,835
81b5f804-e142-449f-b0f1-cb5e207179a0,valence,1,36,45,45,N088,./images/N088.jpg,filter-hudson,filter-inkwell,filter-inkwell,3379
81b5f804-e142-449f-b0f1-cb5e207179a0,valence,1,37,45,5,N002,./images/N002.jpg,filter-inkwell,filter-clarendon,filter-inkwell,4415
81b5f804-e142-449f-b0f1-cb5e207179a0,valence,1,38,45,39,N102,./images/N102.jpg,filter-inkwell,filter-juno,filter-juno,9423
81b5f804-e142-449f-b0f1-cb5e207179a0,valence,1,39,45,44,N085,./images/N085.jpg,filter-lofi,filter-1977,filter-lofi,1163
81b5f804-e142-449f-b0f1-cb5e207179a0,valence,1,40,45,10,N022,./images/N022.jpg,filter-clarendon,filter-hudson,filter-hudson,1561
81b5f804-e142-449f-b0f1-cb5e207179a0,valence,1,41,45,24,N102,./images/N102.jpg,filter-inkwell,filter-sutro,filter-inkwell,1265
81b5f804-e142-449f-b0f1-cb5e207179a0,valence,1,42,45,16,N097,./images/N097.jpg,filter-juno,filter-lofi,filter-lofi,1595
81b5f804-e142-449f-b0f1-cb5e207179a0,valence,1,43,45,40,N017,./images/N017.jpg,filter-gingham,filter-lark,filter-gingham,3852
81b5f804-e142-449f-b0f1-cb5e207179a0,valence,1,44,45,42,N040,./images/N040.jpg,filter-gingham,filter-hudson,filter-gingham,1594
81b5f804-e142-449f-b0f1-cb5e207179a0,valence,1,45,45,22,N085,./images/N085.jpg,filter-lark,filter-lofi,filter-lark,3615
81b5f804-e142-449f-b0f1-cb5e207179a0,arousal,2,1,45,17,N023,./images/N023.jpg,filter-lofi,filter-gingham,filter-lofi,2557
81b5f804-e142-449f-b0f1-cb5e207179a0,arousal,2,2,45,26,N030,./images/N030.jpg,filter-1977,filter-hudson,filter-1977,3157
81b5f804-e142-449f-b0f1-cb5e207179a0,arousal,2,3,45,33,N031,./images/N031.jpg,filter-lofi,filter-clarendon,filter-lofi,1515
81b5f804-e142-449f-b0f1-cb5e207179a0,arousal,2,4,45,40,N102,./images/N102.jpg,filter-inkwell,filter-clarendon,filter-inkwell,2237
81b5f804-e142-449f-b0f1-cb5e207179a0,arousal,2,5,45,43,N097,./images/N097.jpg,filter-clarendon,filter-lark,filter-lark,2901
81b5f804-e142-449f-b0f1-cb5e207179a0,arousal,2,6,45,42,N002,./images/N002.jpg,filter-1977,filter-gingham,filter-1977,1892
81b5f804-e142-449f-b0f1-cb5e207179a0,arousal,2,7,45,22,N096,./images/N096.jpg,filter-lark,filter-lofi,filter-lofi,1132
81b5f804-e142-449f-b0f1-cb5e207179a0,arousal,2,8,45,25,N095,./images/N095.jpg,filter-lark,filter-inkwell,filter-inkwell,2910
81b5f804-e142-449f-b0f1-cb5e207179a0,arousal,2,9,45,3,N022,./images/N022.jpg,filter-lofi,filter-hudson,filter-lofi,1462
81b5f804-e142-449f-b0f1-cb5e207179a0,arousal,2,10,45,13,N014,./images/N014.jpg,filter-moon,filter-sutro,filter-sutro,1850
81b5f804-e142-449f-b0f1-cb5e207179a0,arousal,2,11,45,4,N093,./images/N093.jpg,filter-moon,filter-inkwell,filter-moon,1821
81b5f804-e142-449f-b0f1-cb5e207179a0,arousal,2,12,45,39,N088,./images/N088.jpg,filter-1977,filter-inkwell,filter-1977,1648
81b5f804-e142-449f-b0f1-cb5e207179a0,arousal,2,13,45,28,N085,./images/N085.jpg,filter-hudson,filter-lark,filter-hudson,1929
81b5f804-e142-449f-b0f1-cb5e207179a0,arousal,2,14,45,8,N002,./images/N002.jpg,filter-gingham,filter-moon,filter-gingham,2991
81b5f804-e142-449f-b0f1-cb5e207179a0,arousal,2,15,45,21,N097,./images/N097.jpg,filter-clarendon,filter-sutro,filter-sutro,1516
81b5f804-e142-449f-b0f1-cb5e207179a0,arousal,2,16,45,24,N096,./images/N096.jpg,filter-juno,filter-1977,filter-1977,1778
81b5f804-e142-449f-b0f1-cb5e207179a0,arousal,2,17,45,14,N030,./images/N030.jpg,filter-lofi,filter-juno,filter-lofi,1746
81b5f804-e142-449f-b0f1-cb5e207179a0,arousal,2,18,45,38,N023,./images/N023.jpg,filter-lofi,filter-sutro,filter-sutro,2145
81b5f804-e142-449f-b0f1-cb5e207179a0,arousal,2,19,45,16,N027,./images/N027.jpg,filter-sutro,filter-juno,filter-sutro,1150
81b5f804-e142-449f-b0f1-cb5e207179a0,arousal,2,20,45,1,N020,./images/N020.jpg,filter-gingham,filter-hudson,filter-hudson,1217
81b5f804-e142-449f-b0f1-cb5e207179a0,arousal,2,21,45,37,N108,./images/N108.jpg,filter-sutro,filter-lark,filter-sutro,2889
81b5f804-e142-449f-b0f1-cb5e207179a0,arousal,2,22,45,12,N030,./images/N030.jpg,filter-juno,filter-lark,filter-juno,11395
81b5f804-e142-449f-b0f1-cb5e207179a0,arousal,2,23,45,41,N043,./images/N043.jpg,filter-inkwell,filter-sutro,filter-sutro,3899
81b5f804-e142-449f-b0f1-cb5e207179a0,arousal,2,24,45,6,N108,./images/N108.jpg,filter-inkwell,filter-gingham,filter-inkwell,2576
81b5f804-e142-449f-b0f1-cb5e207179a0,arousal,2,25,45,9,N022,./images/N022.jpg,filter-clarendon,filter-hudson,filter-hudson,1512
81b5f804-e142-449f-b0f1-cb5e207179a0,arousal,2,26,45,20,N088,./images/N088.jpg,filter-inkwell,filter-lofi,filter-lofi,905
81b5f804-e142-449f-b0f1-cb5e207179a0,arousal,2,27,45,18,N020,./images/N020.jpg,filter-hudson,filter-sutro,filter-sutro,1041
81b5f804-e142-449f-b0f1-cb5e207179a0,arousal,2,28,45,11,N040,./images/N040.jpg,filter-juno,filter-gingham,filter-juno,982
81b5f804-e142-449f-b0f1-cb5e207179a0,arousal,2,29,45,15,N093,./images/N093.jpg,filter-moon,filter-juno,filter-juno,2952
81b5f804-e142-449f-b0f1-cb5e207179a0,arousal,2,30,45,27,N027,./images/N027.jpg,filter-lark,filter-moon,filter-lark,3576
81b5f804-e142-449f-b0f1-cb5e207179a0,arousal,2,31,45,36,N031,./images/N031.jpg,filter-sutro,filter-gingham,filter-sutro,1021
81b5f804-e142-449f-b0f1-cb5e207179a0,arousal,2,32,45,32,N102,./images/N102.jpg,filter-gingham,filter-lark,filter-lark,1291
81b5f804-e142-449f-b0f1-cb5e207179a0,arousal,2,33,45,23,N095,./images/N095.jpg,filter-lark,filter-1977,filter-1977,908
81b5f804-e142-449f-b0f1-cb5e207179a0,arousal,2,34,45,7,N043,./images/N043.jpg,filter-hudson,filter-moon,filter-hudson,2547
81b5f804-e142-449f-b0f1-cb5e207179a0,arousal,2,35,45,44,N077,./images/N077.jpg,filter-juno,filter-inkwell,filter-juno,3335
81b5f804-e142-449f-b0f1-cb5e207179a0,arousal,2,36,45,2,N014,./images/N014.jpg,filter-gingham,filter-clarendon,filter-gingham,1554
81b5f804-e142-449f-b0f1-cb5e207179a0,arousal,2,37,45,29,N017,./images/N017.jpg,filter-sutro,filter-1977,filter-sutro,1243
81b5f804-e142-449f-b0f1-cb5e207179a0,arousal,2,38,45,45,N077,./images/N077.jpg,filter-clarendon,filter-moon,filter-clarendon,1239
81b5f804-e142-449f-b0f1-cb5e207179a0,arousal,2,39,45,5,N108,./images/N108.jpg,filter-1977,filter-clarendon,filter-1977,1477
81b5f804-e142-449f-b0f1-cb5e207179a0,arousal,2,40,45,35,N017,./images/N017.jpg,filter-1977,filter-lofi,filter-1977,981
81b5f804-e142-449f-b0f1-cb5e207179a0,arousal,2,41,45,10,N085,./images/N085.jpg,filter-hudson,filter-juno,filter-juno,1436
81b5f804-e142-449f-b0f1-cb5e207179a0,arousal,2,42,45,30,N097,./images/N097.jpg,filter-moon,filter-1977,filter-1977,2489
81b5f804-e142-449f-b0f1-cb5e207179a0,arousal,2,43,45,34,N040,./images/N040.jpg,filter-lofi,filter-moon,filter-moon,1674
81b5f804-e142-449f-b0f1-cb5e207179a0,arousal,2,44,45,31,N096,./images/N096.jpg,filter-hudson,filter-inkwell,filter-hudson,3708
81b5f804-e142-449f-b0f1-cb5e207179a0,arousal,2,45,45,19,N040,./images/N040.jpg,filter-juno,filter-clarendon,filter-juno,826
03830eaf-9d24-4d70-9da5-3c8f2140d7ac,valence,1,1,45,35,N020,./images/N020.jpg,filter-hudson,filter-lark,filter-lark,14123
03830eaf-9d24-4d70-9da5-3c8f2140d7ac,valence,1,2,45,37,N097,./images/N097.jpg,filter-juno,filter-moon,filter-juno,3833
03830eaf-9d24-4d70-9da5-3c8f2140d7ac,valence,1,3,45,23,N108,./images/N108.jpg,filter-gingham,filter-moon,filter-gingham,6538
03830eaf-9d24-4d70-9da5-3c8f2140d7ac,valence,1,4,45,31,N022,./images/N022.jpg,filter-1977,filter-inkwell,filter-1977,2493
03830eaf-9d24-4d70-9da5-3c8f2140d7ac,valence,1,5,45,12,N088,./images/N088.jpg,filter-sutro,filter-gingham,filter-gingham,3318
03830eaf-9d24-4d70-9da5-3c8f2140d7ac,valence,1,6,45,19,N017,./images/N017.jpg,filter-inkwell,filter-moon,filter-moon,2245
03830eaf-9d24-4d70-9da5-3c8f2140d7ac,valence,1,7,45,42,N040,./images/N040.jpg,filter-gingham,filter-hudson,filter-gingham,3150
03830eaf-9d24-4d70-9da5-3c8f2140d7ac,valence,1,8,45,8,N023,./images/N023.jpg,filter-clarendon,filter-moon,filter-clarendon,2303
03830eaf-9d24-4d70-9da5-3c8f2140d7ac,valence,1,9,45,11,N108,./images/N108.jpg,filter-1977,filter-lark,filter-lark,4437
03830eaf-9d24-4d70-9da5-3c8f2140d7ac,valence,1,10,45,29,N085,./images/N085.jpg,filter-lofi,filter-clarendon,filter-clarendon,4330
03830eaf-9d24-4d70-9da5-3c8f2140d7ac,valence,1,11,45,28,N095,./images/N095.jpg,filter-1977,filter-gingham,filter-gingham,3689
03830eaf-9d24-4d70-9da5-3c8f2140d7ac,valence,1,12,45,33,N002,./images/N002.jpg,filter-lark,filter-inkwell,filter-lark,3323
03830eaf-9d24-4d70-9da5-3c8f2140d7ac,valence,1,13,45,9,N093,./images/N093.jpg,filter-lofi,filter-hudson,filter-lofi,3990
03830eaf-9d24-4d70-9da5-3c8f2140d7ac,valence,1,14,45,21,N095,./images/N095.jpg,filter-moon,filter-1977,filter-1977,5183
03830eaf-9d24-4d70-9da5-3c8f2140d7ac,valence,1,15,45,1,N027,./images/N027.jpg,filter-sutro,filter-hudson,filter-sutro,3107
03830eaf-9d24-4d70-9da5-3c8f2140d7ac,valence,1,16,45,38,N031,./images/N031.jpg,filter-lark,filter-juno,filter-juno,3086
03830eaf-9d24-4d70-9da5-3c8f2140d7ac,valence,1,17,45,43,N020,./images/N020.jpg,filter-juno,filter-gingham,filter-gingham,5378
03830eaf-9d24-4d70-9da5-3c8f2140d7ac,valence,1,18,45,39,N102,./images/N102.jpg,filter-inkwell,filter-juno,filter-juno,2164
03830eaf-9d24-4d70-9da5-3c8f2140d7ac,valence,1,19,45,27,N014,./images/N014.jpg,filter-moon,filter-lofi,filter-lofi,1889
03830eaf-9d24-4d70-9da5-3c8f2140d7ac,valence,1,20,45,14,N023,./images/N023.jpg,filter-lofi,filter-sutro,filter-lofi,5809
03830eaf-9d24-4d70-9da5-3c8f2140d7ac,valence,1,21,45,24,N102,./images/N102.jpg,filter-inkwell,filter-sutro,filter-sutro,2513
03830eaf-9d24-4d70-9da5-3c8f2140d7ac,valence,1,22,45,20,N043,./images/N043.jpg,filter-lofi,filter-inkwell,filter-lofi,3314
03830eaf-9d24-4d70-9da5-3c8f2140d7ac,valence,1,23,45,36,N030,./images/N030.jpg,filter-1977,filter-clarendon,filter-clarendon,2223
03830eaf-9d24-4d70-9da5-3c8f2140d7ac,valence,1,24,45,17,N014,./images/N014.jpg,filter-sutro,filter-clarendon,filter-clarendon,2709
03830eaf-9d24-4d70-9da5-3c8f2140d7ac,valence,1,25,45,3,N077,./images/N077.jpg,filter-lark,filter-clarendon,filter-clarendon,2705
03830eaf-9d24-4d70-9da5-3c8f2140d7ac,valence,1,26,45,34,N077,./images/N077.jpg,filter-sutro,filter-moon,filter-sutro,5548
03830eaf-9d24-4d70-9da5-3c8f2140d7ac,valence,1,27,45,6,N096,./images/N096.jpg,filter-juno,filter-1977,filter-juno,1993
03830eaf-9d24-4d70-9da5-3c8f2140d7ac,valence,1,28,45,45,N088,./images/N088.jpg,filter-hudson,filter-inkwell,filter-inkwell,4454
03830eaf-9d24-4d70-9da5-3c8f2140d7ac,valence,1,29,45,4,N040,./images/N040.jpg,filter-hudson,filter-juno,filter-hudson,4189
03830eaf-9d24-4d70-9da5-3c8f2140d7ac,valence,1,30,45,2,N030,./images/N030.jpg,filter-juno,filter-sutro,filter-juno,5075
03830eaf-9d24-4d70-9da5-3c8f2140d7ac,valence,1,31,45,26,N096,./images/N096.jpg,filter-gingham,filter-lofi,filter-lofi,2322
03830eaf-9d24-4d70-9da5-3c8f2140d7ac,valence,1,32,45,5,N002,./images/N002.jpg,filter-inkwell,filter-clarendon,filter-clarendon,1576
03830eaf-9d24-4d70-9da5-3c8f2140d7ac,valence,1,33,45,16,N097,./images/N097.jpg,filter-juno,filter-lofi,filter-juno,1857
03830eaf-9d24-4d70-9da5-3c8f2140d7ac,valence,1,34,45,25,N022,./images/N022.jpg,filter-inkwell,filter-gingham,filter-gingham,3040
03830eaf-9d24-4d70-9da5-3c8f2140d7ac,valence,1,35,45,30,N031,./images/N031.jpg,filter-sutro,filter-1977,filter-sutro,2094
03830eaf-9d24-4d70-9da5-3c8f2140d7ac,valence,1,36,45,10,N022,./images/N022.jpg,filter-clarendon,filter-hudson,filter-hudson,3227
03830eaf-9d24-4d70-9da5-3c8f2140d7ac,valence,1,37,45,7,N093,./images/N093.jpg,filter-moon,filter-lark,filter-lark,2256
03830eaf-9d24-4d70-9da5-3c8f2140d7ac,valence,1,38,45,15,N027,./images/N027.jpg,filter-lark,filter-sutro,filter-sutro,8454
03830eaf-9d24-4d70-9da5-3c8f2140d7ac,valence,1,39,45,44,N085,./images/N085.jpg,filter-lofi,filter-1977,filter-1977,3332
03830eaf-9d24-4d70-9da5-3c8f2140d7ac,valence,1,40,45,22,N085,./images/N085.jpg,filter-lark,filter-lofi,filter-lark,6879
03830eaf-9d24-4d70-9da5-3c8f2140d7ac,valence,1,41,45,41,N095,./images/N095.jpg,filter-moon,filter-hudson,filter-hudson,2416
03830eaf-9d24-4d70-9da5-3c8f2140d7ac,valence,1,42,45,18,N093,./images/N093.jpg,filter-clarendon,filter-gingham,filter-gingham,3045
03830eaf-9d24-4d70-9da5-3c8f2140d7ac,valence,1,43,45,13,N096,./images/N096.jpg,filter-hudson,filter-1977,filter-hudson,1748
03830eaf-9d24-4d70-9da5-3c8f2140d7ac,valence,1,44,45,32,N043,./images/N043.jpg,filter-clarendon,filter-juno,filter-juno,3074
03830eaf-9d24-4d70-9da5-3c8f2140d7ac,valence,1,45,45,40,N017,./images/N017.jpg,filter-gingham,filter-lark,filter-lark,1436
03830eaf-9d24-4d70-9da5-3c8f2140d7ac,arousal,2,1,45,38,N023,./images/N023.jpg,filter-lofi,filter-sutro,filter-lofi,7425
03830eaf-9d24-4d70-9da5-3c8f2140d7ac,arousal,2,2,45,3,N022,./images/N022.jpg,filter-lofi,filter-hudson,filter-hudson,1727
03830eaf-9d24-4d70-9da5-3c8f2140d7ac,arousal,2,3,45,20,N088,./images/N088.jpg,filter-inkwell,filter-lofi,filter-lofi,6209
03830eaf-9d24-4d70-9da5-3c8f2140d7ac,arousal,2,4,45,16,N027,./images/N027.jpg,filter-sutro,filter-juno,filter-sutro,4450
03830eaf-9d24-4d70-9da5-3c8f2140d7ac,arousal,2,5,45,31,N096,./images/N096.jpg,filter-hudson,filter-inkwell,filter-hudson,12786
03830eaf-9d24-4d70-9da5-3c8f2140d7ac,arousal,2,6,45,25,N095,./images/N095.jpg,filter-lark,filter-inkwell,filter-lark,5535
03830eaf-9d24-4d70-9da5-3c8f2140d7ac,arousal,2,7,45,27,N027,./images/N027.jpg,filter-lark,filter-moon,filter-lark,2921
03830eaf-9d24-4d70-9da5-3c8f2140d7ac,arousal,2,8,45,6,N108,./images/N108.jpg,filter-inkwell,filter-gingham,filter-inkwell,9151
03830eaf-9d24-4d70-9da5-3c8f2140d7ac,arousal,2,9,45,13,N014,./images/N014.jpg,filter-moon,filter-sutro,filter-sutro,2717
03830eaf-9d24-4d70-9da5-3c8f2140d7ac,arousal,2,10,45,36,N031,./images/N031.jpg,filter-sutro,filter-gingham,filter-sutro,2976
03830eaf-9d24-4d70-9da5-3c8f2140d7ac,arousal,2,11,45,10,N085,./images/N085.jpg,filter-hudson,filter-juno,filter-juno,4468
03830eaf-9d24-4d70-9da5-3c8f2140d7ac,arousal,2,12,45,23,N095,./images/N095.jpg,filter-lark,filter-1977,filter-1977,10041
03830eaf-9d24-4d70-9da5-3c8f2140d7ac,arousal,2,13,45,33,N031,./images/N031.jpg,filter-lofi,filter-clarendon,filter-lofi,7587
03830eaf-9d24-4d70-9da5-3c8f2140d7ac,arousal,2,14,45,11,N040,./images/N040.jpg,filter-juno,filter-gingham,filter-gingham,2609
03830eaf-9d24-4d70-9da5-3c8f2140d7ac,arousal,2,15,45,28,N085,./images/N085.jpg,filter-hudson,filter-lark,filter-hudson,3410
03830eaf-9d24-4d70-9da5-3c8f2140d7ac,arousal,2,16,45,43,N097,./images/N097.jpg,filter-clarendon,filter-lark,filter-lark,3349
03830eaf-9d24-4d70-9da5-3c8f2140d7ac,arousal,2,17,45,2,N014,./images/N014.jpg,filter-gingham,filter-clarendon,filter-gingham,2346
03830eaf-9d24-4d70-9da5-3c8f2140d7ac,arousal,2,18,45,9,N022,./images/N022.jpg,filter-clarendon,filter-hudson,filter-hudson,7063
03830eaf-9d24-4d70-9da5-3c8f2140d7ac,arousal,2,19,45,26,N030,./images/N030.jpg,filter-1977,filter-hudson,filter-1977,3263
03830eaf-9d24-4d70-9da5-3c8f2140d7ac,arousal,2,20,45,7,N043,./images/N043.jpg,filter-hudson,filter-moon,filter-hudson,5670
03830eaf-9d24-4d70-9da5-3c8f2140d7ac,arousal,2,21,45,44,N077,./images/N077.jpg,filter-juno,filter-inkwell,filter-juno,3013
03830eaf-9d24-4d70-9da5-3c8f2140d7ac,arousal,2,22,45,12,N030,./images/N030.jpg,filter-juno,filter-lark,filter-lark,5759
03830eaf-9d24-4d70-9da5-3c8f2140d7ac,arousal,2,23,45,41,N043,./images/N043.jpg,filter-inkwell,filter-sutro,filter-sutro,3042
03830eaf-9d24-4d70-9da5-3c8f2140d7ac,arousal,2,24,45,17,N023,./images/N023.jpg,filter-lofi,filter-gingham,filter-lofi,3795
03830eaf-9d24-4d70-9da5-3c8f2140d7ac,arousal,2,25,45,14,N030,./images/N030.jpg,filter-lofi,filter-juno,filter-lofi,2410
03830eaf-9d24-4d70-9da5-3c8f2140d7ac,arousal,2,26,45,8,N002,./images/N002.jpg,filter-gingham,filter-moon,filter-gingham,5677
03830eaf-9d24-4d70-9da5-3c8f2140d7ac,arousal,2,27,45,29,N017,./images/N017.jpg,filter-sutro,filter-1977,filter-1977,2417
03830eaf-9d24-4d70-9da5-3c8f2140d7ac,arousal,2,28,45,37,N108,./images/N108.jpg,filter-sutro,filter-lark,filter-sutro,4326
03830eaf-9d24-4d70-9da5-3c8f2140d7ac,arousal,2,29,45,35,N017,./images/N017.jpg,filter-1977,filter-lofi,filter-lofi,3814
03830eaf-9d24-4d70-9da5-3c8f2140d7ac,arousal,2,30,45,15,N093,./images/N093.jpg,filter-moon,filter-juno,filter-juno,3144
03830eaf-9d24-4d70-9da5-3c8f2140d7ac,arousal,2,31,45,24,N096,./images/N096.jpg,filter-juno,filter-1977,filter-1977,3150
03830eaf-9d24-4d70-9da5-3c8f2140d7ac,arousal,2,32,45,40,N102,./images/N102.jpg,filter-inkwell,filter-clarendon,filter-clarendon,4092
03830eaf-9d24-4d70-9da5-3c8f2140d7ac,arousal,2,33,45,1,N020,./images/N020.jpg,filter-gingham,filter-hudson,filter-hudson,5700
03830eaf-9d24-4d70-9da5-3c8f2140d7ac,arousal,2,34,45,34,N040,./images/N040.jpg,filter-lofi,filter-moon,filter-moon,4140
03830eaf-9d24-4d70-9da5-3c8f2140d7ac,arousal,2,35,45,42,N002,./images/N002.jpg,filter-1977,filter-gingham,filter-gingham,12704
03830eaf-9d24-4d70-9da5-3c8f2140d7ac,arousal,2,36,45,19,N040,./images/N040.jpg,filter-juno,filter-clarendon,filter-juno,3687
03830eaf-9d24-4d70-9da5-3c8f2140d7ac,arousal,2,37,45,32,N102,./images/N102.jpg,filter-gingham,filter-lark,filter-lark,6280
03830eaf-9d24-4d70-9da5-3c8f2140d7ac,arousal,2,38,45,18,N020,./images/N020.jpg,filter-hudson,filter-sutro,filter-sutro,2377
03830eaf-9d24-4d70-9da5-3c8f2140d7ac,arousal,2,39,45,4,N093,./images/N093.jpg,filter-moon,filter-inkwell,filter-moon,6990
03830eaf-9d24-4d70-9da5-3c8f2140d7ac,arousal,2,40,45,39,N088,./images/N088.jpg,filter-1977,filter-inkwell,filter-1977,1763
03830eaf-9d24-4d70-9da5-3c8f2140d7ac,arousal,2,41,45,5,N108,./images/N108.jpg,filter-1977,filter-clarendon,filter-1977,2672
03830eaf-9d24-4d70-9da5-3c8f2140d7ac,arousal,2,42,45,21,N097,./images/N097.jpg,filter-clarendon,filter-sutro,filter-sutro,1806
03830eaf-9d24-4d70-9da5-3c8f2140d7ac,arousal,2,43,45,22,N096,./images/N096.jpg,filter-lark,filter-lofi,filter-lofi,1987
03830eaf-9d24-4d70-9da5-3c8f2140d7ac,arousal,2,44,45,45,N077,./images/N077.jpg,filter-clarendon,filter-moon,filter-clarendon,7261
03830eaf-9d24-4d70-9da5-3c8f2140d7ac,arousal,2,45,45,30,N097,./images/N097.jpg,filter-moon,filter-1977,filter-1977,9166
3d39639a-3c6a-4fe6-ba3f-f8b09c9d2064,valence,1,1,45,40,N017,./images/N017.jpg,filter-gingham,filter-lark,filter-gingham,6437
3d39639a-3c6a-4fe6-ba3f-f8b09c9d2064,valence,1,2,45,28,N095,./images/N095.jpg,filter-1977,filter-gingham,filter-gingham,3940
3d39639a-3c6a-4fe6-ba3f-f8b09c9d2064,valence,1,3,45,27,N014,./images/N014.jpg,filter-moon,filter-lofi,filter-lofi,1690
3d39639a-3c6a-4fe6-ba3f-f8b09c9d2064,valence,1,4,45,36,N030,./images/N030.jpg,filter-1977,filter-clarendon,filter-clarendon,3801
3d39639a-3c6a-4fe6-ba3f-f8b09c9d2064,valence,1,5,45,1,N027,./images/N027.jpg,filter-sutro,filter-hudson,filter-hudson,1562
3d39639a-3c6a-4fe6-ba3f-f8b09c9d2064,valence,1,6,45,33,N002,./images/N002.jpg,filter-lark,filter-inkwell,filter-lark,4851
3d39639a-3c6a-4fe6-ba3f-f8b09c9d2064,valence,1,7,45,43,N020,./images/N020.jpg,filter-juno,filter-gingham,filter-juno,4432
3d39639a-3c6a-4fe6-ba3f-f8b09c9d2064,valence,1,8,45,21,N095,./images/N095.jpg,filter-moon,filter-1977,filter-moon,2307
3d39639a-3c6a-4fe6-ba3f-f8b09c9d2064,valence,1,9,45,23,N108,./images/N108.jpg,filter-gingham,filter-moon,filter-moon,5550
3d39639a-3c6a-4fe6-ba3f-f8b09c9d2064,valence,1,10,45,19,N017,./images/N017.jpg,filter-inkwell,filter-moon,filter-inkwell,6242
3d39639a-3c6a-4fe6-ba3f-f8b09c9d2064,valence,1,11,45,11,N108,./images/N108.jpg,filter-1977,filter-lark,filter-1977,3475
3d39639a-3c6a-4fe6-ba3f-f8b09c9d2064,valence,1,12,45,45,N088,./images/N088.jpg,filter-hudson,filter-inkwell,filter-inkwell,3668
3d39639a-3c6a-4fe6-ba3f-f8b09c9d2064,valence,1,13,45,20,N043,./images/N043.jpg,filter-lofi,filter-inkwell,filter-inkwell,2194
3d39639a-3c6a-4fe6-ba3f-f8b09c9d2064,valence,1,14,45,7,N093,./images/N093.jpg,filter-moon,filter-lark,filter-moon,1491
3d39639a-3c6a-4fe6-ba3f-f8b09c9d2064,valence,1,15,45,37,N097,./images/N097.jpg,filter-juno,filter-moon,filter-juno,1171
3d39639a-3c6a-4fe6-ba3f-f8b09c9d2064,valence,1,16,45,12,N088,./images/N088.jpg,filter-sutro,filter-gingham,filter-sutro,1684
3d39639a-3c6a-4fe6-ba3f-f8b09c9d2064,valence,1,17,45,32,N043,./images/N043.jpg,filter-clarendon,filter-juno,filter-juno,2049
3d39639a-3c6a-4fe6-ba3f-f8b09c9d2064,valence,1,18,45,4,N040,./images/N040.jpg,filter-hudson,filter-juno,filter-hudson,2284
3d39639a-3c6a-4fe6-ba3f-f8b09c9d2064,valence,1,19,45,10,N022,./images/N022.jpg,filter-clarendon,filter-hudson,filter-hudson,4714
3d39639a-3c6a-4fe6-ba3f-f8b09c9d2064,valence,1,20,45,13,N096,./images/N096.jpg,filter-hudson,filter-1977,filter-hudson,2871
3d39639a-3c6a-4fe6-ba3f-f8b09c9d2064,valence,1,21,45,31,N022,./images/N022.jpg,filter-1977,filter-inkwell,filter-inkwell,14141
3d39639a-3c6a-4fe6-ba3f-f8b09c9d2064,valence,1,22,45,3,N077,./images/N077.jpg,filter-lark,filter-clarendon,filter-lark,2133
3d39639a-3c6a-4fe6-ba3f-f8b09c9d2064,valence,1,23,45,25,N022,./images/N022.jpg,filter-inkwell,filter-gingham,filter-inkwell,2062
3d39639a-3c6a-4fe6-ba3f-f8b09c9d2064,valence,1,24,45,6,N096,./images/N096.jpg,filter-juno,filter-1977,filter-juno,1290
3d39639a-3c6a-4fe6-ba3f-f8b09c9d2064,valence,1,25,45,5,N002,./images/N002.jpg,filter-inkwell,filter-clarendon,filter-inkwell,1902
3d39639a-3c6a-4fe6-ba3f-f8b09c9d2064,valence,1,26,45,30,N031,./images/N031.jpg,filter-sutro,filter-1977,filter-1977,6517
3d39639a-3c6a-4fe6-ba3f-f8b09c9d2064,valence,1,27,45,8,N023,./images/N023.jpg,filter-clarendon,filter-moon,filter-clarendon,1204
3d39639a-3c6a-4fe6-ba3f-f8b09c9d2064,valence,1,28,45,38,N031,./images/N031.jpg,filter-lark,filter-juno,filter-juno,5373
3d39639a-3c6a-4fe6-ba3f-f8b09c9d2064,valence,1,29,45,34,N077,./images/N077.jpg,filter-sutro,filter-moon,filter-sutro,7738
3d39639a-3c6a-4fe6-ba3f-f8b09c9d2064,valence,1,30,45,17,N014,./images/N014.jpg,filter-sutro,filter-clarendon,filter-sutro,1537
3d39639a-3c6a-4fe6-ba3f-f8b09c9d2064,valence,1,31,45,22,N085,./images/N085.jpg,filter-lark,filter-lofi,filter-lofi,1698
3d39639a-3c6a-4fe6-ba3f-f8b09c9d2064,valence,1,32,45,9,N093,./images/N093.jpg,filter-lofi,filter-hudson,filter-hudson,2092
3d39639a-3c6a-4fe6-ba3f-f8b09c9d2064,valence,1,33,45,41,N095,./images/N095.jpg,filter-moon,filter-hudson,filter-moon,6070
3d39639a-3c6a-4fe6-ba3f-f8b09c9d2064,valence,1,34,45,39,N102,./images/N102.jpg,filter-inkwell,filter-juno,filter-inkwell,2830
3d39639a-3c6a-4fe6-ba3f-f8b09c9d2064,valence,1,35,45,14,N023,./images/N023.jpg,filter-lofi,filter-sutro,filter-lofi,3334
3d39639a-3c6a-4fe6-ba3f-f8b09c9d2064,valence,1,36,45,16,N097,./images/N097.jpg,filter-juno,filter-lofi,filter-lofi,1974
3d39639a-3c6a-4fe6-ba3f-f8b09c9d2064,valence,1,37,45,35,N020,./images/N020.jpg,filter-hudson,filter-lark,filter-lark,1146
3d39639a-3c6a-4fe6-ba3f-f8b09c9d2064,valence,1,38,45,29,N085,./images/N085.jpg,filter-lofi,filter-clarendon,filter-lofi,857
3d39639a-3c6a-4fe6-ba3f-f8b09c9d2064,valence,1,39,45,44,N085,./images/N085.jpg,filter-lofi,filter-1977,filter-lofi,3927
3d39639a-3c6a-4fe6-ba3f-f8b09c9d2064,valence,1,40,45,2,N030,./images/N030.jpg,filter-juno,filter-sutro,filter-juno,942
3d39639a-3c6a-4fe6-ba3f-f8b09c9d2064,valence,1,41,45,18,N093,./images/N093.jpg,filter-clarendon,filter-gingham,filter-clarendon,16289
3d39639a-3c6a-4fe6-ba3f-f8b09c9d2064,valence,1,42,45,15,N027,./images/N027.jpg,filter-lark,filter-sutro,filter-lark,2375
3d39639a-3c6a-4fe6-ba3f-f8b09c9d2064,valence,1,43,45,42,N040,./images/N040.jpg,filter-gingham,filter-hudson,filter-hudson,2462
3d39639a-3c6a-4fe6-ba3f-f8b09c9d2064,valence,1,44,45,26,N096,./images/N096.jpg,filter-gingham,filter-lofi,filter-lofi,872
3d39639a-3c6a-4fe6-ba3f-f8b09c9d2064,valence,1,45,45,24,N102,./images/N102.jpg,filter-inkwell,filter-sutro,filter-sutro,2837
3d39639a-3c6a-4fe6-ba3f-f8b09c9d2064,arousal,2,1,45,18,N020,./images/N020.jpg,filter-hudson,filter-sutro,filter-hudson,13567
3d39639a-3c6a-4fe6-ba3f-f8b09c9d2064,arousal,2,2,45,10,N085,./images/N085.jpg,filter-hudson,filter-juno,filter-hudson,1624
3d39639a-3c6a-4fe6-ba3f-f8b09c9d2064,arousal,2,3,45,36,N031,./images/N031.jpg,filter-sutro,filter-gingham,filter-sutro,1564
3d39639a-3c6a-4fe6-ba3f-f8b09c9d2064,arousal,2,4,45,2,N014,./images/N014.jpg,filter-gingham,filter-clarendon,filter-clarendon,3930
3d39639a-3c6a-4fe6-ba3f-f8b09c9d2064,arousal,2,5,45,17,N023,./images/N023.jpg,filter-lofi,filter-gingham,filter-lofi,695
3d39639a-3c6a-4fe6-ba3f-f8b09c9d2064,arousal,2,6,45,31,N096,./images/N096.jpg,filter-hudson,filter-inkwell,filter-inkwell,4685
3d39639a-3c6a-4fe6-ba3f-f8b09c9d2064,arousal,2,7,45,44,N077,./images/N077.jpg,filter-juno,filter-inkwell,filter-inkwell,1907
3d39639a-3c6a-4fe6-ba3f-f8b09c9d2064,arousal,2,8,45,34,N040,./images/N040.jpg,filter-lofi,filter-moon,filter-moon,1747
3d39639a-3c6a-4fe6-ba3f-f8b09c9d2064,arousal,2,9,45,32,N102,./images/N102.jpg,filter-gingham,filter-lark,filter-lark,1443
3d39639a-3c6a-4fe6-ba3f-f8b09c9d2064,arousal,2,10,45,14,N030,./images/N030.jpg,filter-lofi,filter-juno,filter-lofi,2551
3d39639a-3c6a-4fe6-ba3f-f8b09c9d2064,arousal,2,11,45,33,N031,./images/N031.jpg,filter-lofi,filter-clarendon,filter-clarendon,1614
3d39639a-3c6a-4fe6-ba3f-f8b09c9d2064,arousal,2,12,45,8,N002,./images/N002.jpg,filter-gingham,filter-moon,filter-gingham,1687
3d39639a-3c6a-4fe6-ba3f-f8b09c9d2064,arousal,2,13,45,23,N095,./images/N095.jpg,filter-lark,filter-1977,filter-1977,2947
3d39639a-3c6a-4fe6-ba3f-f8b09c9d2064,arousal,2,14,45,20,N088,./images/N088.jpg,filter-inkwell,filter-lofi,filter-inkwell,744
3d39639a-3c6a-4fe6-ba3f-f8b09c9d2064,arousal,2,15,45,37,N108,./images/N108.jpg,filter-sutro,filter-lark,filter-sutro,1724
3d39639a-3c6a-4fe6-ba3f-f8b09c9d2064,arousal,2,16,45,6,N108,./images/N108.jpg,filter-inkwell,filter-gingham,filter-inkwell,1803
3d39639a-3c6a-4fe6-ba3f-f8b09c9d2064,arousal,2,17,45,26,N030,./images/N030.jpg,filter-1977,filter-hudson,filter-1977,3712
3d39639a-3c6a-4fe6-ba3f-f8b09c9d2064,arousal,2,18,45,39,N088,./images/N088.jpg,filter-1977,filter-inkwell,filter-1977,1084
3d39639a-3c6a-4fe6-ba3f-f8b09c9d2064,arousal,2,19,45,35,N017,./images/N017.jpg,filter-1977,filter-lofi,filter-1977,3281
3d39639a-3c6a-4fe6-ba3f-f8b09c9d2064,arousal,2,20,45,15,N093,./images/N093.jpg,filter-moon,filter-juno,filter-juno,4106
3d39639a-3c6a-4fe6-ba3f-f8b09c9d2064,arousal,2,21,45,16,N027,./images/N027.jpg,filter-sutro,filter-juno,filter-juno,1566
3d39639a-3c6a-4fe6-ba3f-f8b09c9d2064,arousal,2,22,45,4,N093,./images/N093.jpg,filter-moon,filter-inkwell,filter-moon,779
3d39639a-3c6a-4fe6-ba3f-f8b09c9d2064,arousal,2,23,45,41,N043,./images/N043.jpg,filter-inkwell,filter-sutro,filter-sutro,778
3d39639a-3c6a-4fe6-ba3f-f8b09c9d2064,arousal,2,24,45,19,N040,./images/N040.jpg,filter-juno,filter-clarendon,filter-juno,1325
3d39639a-3c6a-4fe6-ba3f-f8b09c9d2064,arousal,2,25,45,5,N108,./images/N108.jpg,filter-1977,filter-clarendon,filter-1977,1152
3d39639a-3c6a-4fe6-ba3f-f8b09c9d2064,arousal,2,26,45,21,N097,./images/N097.jpg,filter-clarendon,filter-sutro,filter-clarendon,2110
3d39639a-3c6a-4fe6-ba3f-f8b09c9d2064,arousal,2,27,45,7,N043,./images/N043.jpg,filter-hudson,filter-moon,filter-hudson,1758
3d39639a-3c6a-4fe6-ba3f-f8b09c9d2064,arousal,2,28,45,11,N040,./images/N040.jpg,filter-juno,filter-gingham,filter-juno,747
3d39639a-3c6a-4fe6-ba3f-f8b09c9d2064,arousal,2,29,45,43,N097,./images/N097.jpg,filter-clarendon,filter-lark,filter-lark,1106
3d39639a-3c6a-4fe6-ba3f-f8b09c9d2064,arousal,2,30,45,1,N020,./images/N020.jpg,filter-gingham,filter-hudson,filter-hudson,1378
3d39639a-3c6a-4fe6-ba3f-f8b09c9d2064,arousal,2,31,45,9,N022,./images/N022.jpg,filter-clarendon,filter-hudson,filter-clarendon,794
3d39639a-3c6a-4fe6-ba3f-f8b09c9d2064,arousal,2,32,45,42,N002,./images/N002.jpg,filter-1977,filter-gingham,filter-1977,782
3d39639a-3c6a-4fe6-ba3f-f8b09c9d2064,arousal,2,33,45,22,N096,./images/N096.jpg,filter-lark,filter-lofi,filter-lofi,916
3d39639a-3c6a-4fe6-ba3f-f8b09c9d2064,arousal,2,34,45,24,N096,./images/N096.jpg,filter-juno,filter-1977,filter-juno,709
3d39639a-3c6a-4fe6-ba3f-f8b09c9d2064,arousal,2,35,45,40,N102,./images/N102.jpg,filter-inkwell,filter-clarendon,filter-clarendon,790
3d39639a-3c6a-4fe6-ba3f-f8b09c9d2064,arousal,2,36,45,3,N022,./images/N022.jpg,filter-lofi,filter-hudson,filter-lofi,930
3d39639a-3c6a-4fe6-ba3f-f8b09c9d2064,arousal,2,37,45,45,N077,./images/N077.jpg,filter-clarendon,filter-moon,filter-clarendon,699
3d39639a-3c6a-4fe6-ba3f-f8b09c9d2064,arousal,2,38,45,38,N023,./images/N023.jpg,filter-lofi,filter-sutro,filter-lofi,946
3d39639a-3c6a-4fe6-ba3f-f8b09c9d2064,arousal,2,39,45,30,N097,./images/N097.jpg,filter-moon,filter-1977,filter-1977,751
3d39639a-3c6a-4fe6-ba3f-f8b09c9d2064,arousal,2,40,45,25,N095,./images/N095.jpg,filter-lark,filter-inkwell,filter-inkwell,1852
3d39639a-3c6a-4fe6-ba3f-f8b09c9d2064,arousal,2,41,45,28,N085,./images/N085.jpg,filter-hudson,filter-lark,filter-hudson,658
3d39639a-3c6a-4fe6-ba3f-f8b09c9d2064,arousal,2,42,45,12,N030,./images/N030.jpg,filter-juno,filter-lark,filter-juno,776
3d39639a-3c6a-4fe6-ba3f-f8b09c9d2064,arousal,2,43,45,13,N014,./images/N014.jpg,filter-moon,filter-sutro,filter-sutro,978
3d39639a-3c6a-4fe6-ba3f-f8b09c9d2064,arousal,2,44,45,29,N017,./images/N017.jpg,filter-sutro,filter-1977,filter-1977,1117
3d39639a-3c6a-4fe6-ba3f-f8b09c9d2064,arousal,2,45,45,27,N027,./images/N027.jpg,filter-lark,filter-moon,filter-lark,3638
4ce460c2-2e6a-49dd-b2db-738125bf3a92,valence,1,1,45,31,N022,./images/N022.jpg,filter-1977,filter-inkwell,filter-1977,13101
4ce460c2-2e6a-49dd-b2db-738125bf3a92,valence,1,2,45,25,N022,./images/N022.jpg,filter-inkwell,filter-gingham,filter-gingham,20903
4ce460c2-2e6a-49dd-b2db-738125bf3a92,valence,1,3,45,28,N095,./images/N095.jpg,filter-1977,filter-gingham,filter-gingham,2144
4ce460c2-2e6a-49dd-b2db-738125bf3a92,valence,1,4,45,36,N030,./images/N030.jpg,filter-1977,filter-clarendon,filter-clarendon,1021
4ce460c2-2e6a-49dd-b2db-738125bf3a92,valence,1,5,45,26,N096,./images/N096.jpg,filter-gingham,filter-lofi,filter-lofi,1551
4ce460c2-2e6a-49dd-b2db-738125bf3a92,valence,1,6,45,4,N040,./images/N040.jpg,filter-hudson,filter-juno,filter-hudson,7636
4ce460c2-2e6a-49dd-b2db-738125bf3a92,valence,1,7,45,43,N020,./images/N020.jpg,filter-juno,filter-gingham,filter-juno,1991
4ce460c2-2e6a-49dd-b2db-738125bf3a92,valence,1,8,45,10,N022,./images/N022.jpg,filter-clarendon,filter-hudson,filter-hudson,1552
4ce460c2-2e6a-49dd-b2db-738125bf3a92,valence,1,9,45,19,N017,./images/N017.jpg,filter-inkwell,filter-moon,filter-inkwell,2395
4ce460c2-2e6a-49dd-b2db-738125bf3a92,valence,1,10,45,16,N097,./images/N097.jpg,filter-juno,filter-lofi,filter-lofi,1771
4ce460c2-2e6a-49dd-b2db-738125bf3a92,valence,1,11,45,6,N096,./images/N096.jpg,filter-juno,filter-1977,filter-juno,1374
4ce460c2-2e6a-49dd-b2db-738125bf3a92,valence,1,12,45,33,N002,./images/N002.jpg,filter-lark,filter-inkwell,filter-lark,2157
4ce460c2-2e6a-49dd-b2db-738125bf3a92,valence,1,13,45,42,N040,./images/N040.jpg,filter-gingham,filter-hudson,filter-gingham,2200
4ce460c2-2e6a-49dd-b2db-738125bf3a92,valence,1,14,45,17,N014,./images/N014.jpg,filter-sutro,filter-clarendon,filter-sutro,1908
4ce460c2-2e6a-49dd-b2db-738125bf3a92,valence,1,15,45,39,N102,./images/N102.jpg,filter-inkwell,filter-juno,filter-juno,1507
4ce460c2-2e6a-49dd-b2db-738125bf3a92,valence,1,16,45,41,N095,./images/N095.jpg,filter-moon,filter-hudson,filter-hudson,1513
4ce460c2-2e6a-49dd-b2db-738125bf3a92,valence,1,17,45,3,N077,./images/N077.jpg,filter-lark,filter-clarendon,filter-lark,1503
4ce460c2-2e6a-49dd-b2db-738125bf3a92,valence,1,18,45,7,N093,./images/N093.jpg,filter-moon,filter-lark,filter-lark,1361
4ce460c2-2e6a-49dd-b2db-738125bf3a92,valence,1,19,45,44,N085,./images/N085.jpg,filter-lofi,filter-1977,filter-lofi,1085
4ce460c2-2e6a-49dd-b2db-738125bf3a92,valence,1,20,45,9,N093,./images/N093.jpg,filter-lofi,filter-hudson,filter-hudson,1492
4ce460c2-2e6a-49dd-b2db-738125bf3a92,valence,1,21,45,27,N014,./images/N014.jpg,filter-moon,filter-lofi,filter-lofi,2973
4ce460c2-2e6a-49dd-b2db-738125bf3a92,valence,1,22,45,12,N088,./images/N088.jpg,filter-sutro,filter-gingham,filter-gingham,1976
4ce460c2-2e6a-49dd-b2db-738125bf3a92,valence,1,23,45,29,N085,./images/N085.jpg,filter-lofi,filter-clarendon,filter-lofi,1206
4ce460c2-2e6a-49dd-b2db-738125bf3a92,valence,1,24,45,13,N096,./images/N096.jpg,filter-hudson,filter-1977,filter-hudson,2664
4ce460c2-2e6a-49dd-b2db-738125bf3a92,valence,1,25,45,14,N023,./images/N023.jpg,filter-lofi,filter-sutro,filter-lofi,4814
4ce460c2-2e6a-49dd-b2db-738125bf3a92,valence,1,26,45,1,N027,./images/N027.jpg,filter-sutro,filter-hudson,filter-hudson,3404
4ce460c2-2e6a-49dd-b2db-738125bf3a92,valence,1,27,45,24,N102,./images/N102.jpg,filter-inkwell,filter-sutro,filter-sutro,1551
4ce460c2-2e6a-49dd-b2db-738125bf3a92,valence,1,28,45,8,N023,./images/N023.jpg,filter-clarendon,filter-moon,filter-moon,991
4ce460c2-2e6a-49dd-b2db-738125bf3a92,valence,1,29,45,11,N108,./images/N108.jpg,filter-1977,filter-lark,filter-1977,1848
4ce460c2-2e6a-49dd-b2db-738125bf3a92,valence,1,30,45,5,N002,./images/N002.jpg,filter-inkwell,filter-clarendon,filter-clarendon,744
4ce460c2-2e6a-49dd-b2db-738125bf3a92,valence,1,31,45,38,N031,./images/N031.jpg,filter-lark,filter-juno,filter-juno,2092
4ce460c2-2e6a-49dd-b2db-738125bf3a92,valence,1,32,45,32,N043,./images/N043.jpg,filter-clarendon,filter-juno,filter-juno,1282
4ce460c2-2e6a-49dd-b2db-738125bf3a92,valence,1,33,45,18,N093,./images/N093.jpg,filter-clarendon,filter-gingham,filter-gingham,1618
4ce460c2-2e6a-49dd-b2db-738125bf3a92,valence,1,34,45,22,N085,./images/N085.jpg,filter-lark,filter-lofi,filter-lofi,1132
4ce460c2-2e6a-49dd-b2db-738125bf3a92,valence,1,35,45,21,N095,./images/N095.jpg,filter-moon,filter-1977,filter-1977,1569
4ce460c2-2e6a-49dd-b2db-738125bf3a92,valence,1,36,45,20,N043,./images/N043.jpg,filter-lofi,filter-inkwell,filter-inkwell,1772
4ce460c2-2e6a-49dd-b2db-738125bf3a92,valence,1,37,45,35,N020,./images/N020.jpg,filter-hudson,filter-lark,filter-lark,2303
4ce460c2-2e6a-49dd-b2db-738125bf3a92,valence,1,38,45,2,N030,./images/N030.jpg,filter-juno,filter-sutro,filter-juno,2311
4ce460c2-2e6a-49dd-b2db-738125bf3a92,valence,1,39,45,30,N031,./images/N031.jpg,filter-sutro,filter-1977,filter-sutro,3334
4ce460c2-2e6a-49dd-b2db-738125bf3a92,valence,1,40,45,15,N027,./images/N027.jpg,filter-lark,filter-sutro,filter-sutro,1622
4ce460c2-2e6a-49dd-b2db-738125bf3a92,valence,1,41,45,34,N077,./images/N077.jpg,filter-sutro,filter-moon,filter-sutro,1123
4ce460c2-2e6a-49dd-b2db-738125bf3a92,valence,1,42,45,45,N088,./images/N088.jpg,filter-hudson,filter-inkwell,filter-hudson,1687
4ce460c2-2e6a-49dd-b2db-738125bf3a92,valence,1,43,45,23,N108,./images/N108.jpg,filter-gingham,filter-moon,filter-moon,1000
4ce460c2-2e6a-49dd-b2db-738125bf3a92,valence,1,44,45,40,N017,./images/N017.jpg,filter-gingham,filter-lark,filter-gingham,1853
4ce460c2-2e6a-49dd-b2db-738125bf3a92,valence,1,45,45,37,N097,./images/N097.jpg,filter-juno,filter-moon,filter-juno,2776
4ce460c2-2e6a-49dd-b2db-738125bf3a92,arousal,2,1,45,35,N017,./images/N017.jpg,filter-1977,filter-lofi,filter-lofi,5496
4ce460c2-2e6a-49dd-b2db-738125bf3a92,arousal,2,2,45,38,N023,./images/N023.jpg,filter-lofi,filter-sutro,filter-lofi,1626
4ce460c2-2e6a-49dd-b2db-738125bf3a92,arousal,2,3,45,45,N077,./images/N077.jpg,filter-clarendon,filter-moon,filter-clarendon,1963
4ce460c2-2e6a-49dd-b2db-738125bf3a92,arousal,2,4,45,39,N088,./images/N088.jpg,filter-1977,filter-inkwell,filter-1977,1803
4ce460c2-2e6a-49dd-b2db-738125bf3a92,arousal,2,5,45,11,N040,./images/N040.jpg,filter-juno,filter-gingham,filter-juno,1383
4ce460c2-2e6a-49dd-b2db-738125bf3a92,arousal,2,6,45,23,N095,./images/N095.jpg,filter-lark,filter-1977,filter-1977,1846
4ce460c2-2e6a-49dd-b2db-738125bf3a92,arousal,2,7,45,33,N031,./images/N031.jpg,filter-lofi,filter-clarendon,filter-clarendon,1148
4ce460c2-2e6a-49dd-b2db-738125bf3a92,arousal,2,8,45,30,N097,./images/N097.jpg,filter-moon,filter-1977,filter-1977,5377
4ce460c2-2e6a-49dd-b2db-738125bf3a92,arousal,2,9,45,28,N085,./images/N085.jpg,filter-hudson,filter-lark,filter-lark,1226
4ce460c2-2e6a-49dd-b2db-738125bf3a92,arousal,2,10,45,42,N002,./images/N002.jpg,filter-1977,filter-gingham,filter-1977,3413
4ce460c2-2e6a-49dd-b2db-738125bf3a92,arousal,2,11,45,12,N030,./images/N030.jpg,filter-juno,filter-lark,filter-juno,1341
4ce460c2-2e6a-49dd-b2db-738125bf3a92,arousal,2,12,45,34,N040,./images/N040.jpg,filter-lofi,filter-moon,filter-lofi,1648
4ce460c2-2e6a-49dd-b2db-738125bf3a92,arousal,2,13,45,31,N096,./images/N096.jpg,filter-hudson,filter-inkwell,filter-inkwell,2245
4ce460c2-2e6a-49dd-b2db-738125bf3a92,arousal,2,14,45,19,N040,./images/N040.jpg,filter-juno,filter-clarendon,filter-juno,2155
4ce460c2-2e6a-49dd-b2db-738125bf3a92,arousal,2,15,45,36,N031,./images/N031.jpg,filter-sutro,filter-gingham,filter-gingham,617
4ce460c2-2e6a-49dd-b2db-738125bf3a92,arousal,2,16,45,24,N096,./images/N096.jpg,filter-juno,filter-1977,filter-juno,1641
4ce460c2-2e6a-49dd-b2db-738125bf3a92,arousal,2,17,45,13,N014,./images/N014.jpg,filter-moon,filter-sutro,filter-sutro,3470
4ce460c2-2e6a-49dd-b2db-738125bf3a92,arousal,2,18,45,37,N108,./images/N108.jpg,filter-sutro,filter-lark,filter-sutro,8541
4ce460c2-2e6a-49dd-b2db-738125bf3a92,arousal,2,19,45,21,N097,./images/N097.jpg,filter-clarendon,filter-sutro,filter-clarendon,10794
4ce460c2-2e6a-49dd-b2db-738125bf3a92,arousal,2,20,45,41,N043,./images/N043.jpg,filter-inkwell,filter-sutro,filter-sutro,2359
4ce460c2-2e6a-49dd-b2db-738125bf3a92,arousal,2,21,45,18,N020,./images/N020.jpg,filter-hudson,filter-sutro,filter-sutro,1322
4ce460c2-2e6a-49dd-b2db-738125bf3a92,arousal,2,22,45,44,N077,./images/N077.jpg,filter-juno,filter-inkwell,filter-juno,5473
4ce460c2-2e6a-49dd-b2db-738125bf3a92,arousal,2,23,45,26,N030,./images/N030.jpg,filter-1977,filter-hudson,filter-hudson,3344
4ce460c2-2e6a-49dd-b2db-738125bf3a92,arousal,2,24,45,10,N085,./images/N085.jpg,filter-hudson,filter-juno,filter-juno,250
4ce460c2-2e6a-49dd-b2db-738125bf3a92,arousal,2,25,45,8,N002,./images/N002.jpg,filter-gingham,filter-moon,filter-gingham,953
4ce460c2-2e6a-49dd-b2db-738125bf3a92,arousal,2,26,45,9,N022,./images/N022.jpg,filter-clarendon,filter-hudson,filter-hudson,2731
4ce460c2-2e6a-49dd-b2db-738125bf3a92,arousal,2,27,45,25,N095,./images/N095.jpg,filter-lark,filter-inkwell,filter-lark,1381
4ce460c2-2e6a-49dd-b2db-738125bf3a92,arousal,2,28,45,5,N108,./images/N108.jpg,filter-1977,filter-clarendon,filter-1977,1672
4ce460c2-2e6a-49dd-b2db-738125bf3a92,arousal,2,29,45,3,N022,./images/N022.jpg,filter-lofi,filter-hudson,filter-hudson,3523
4ce460c2-2e6a-49dd-b2db-738125bf3a92,arousal,2,30,45,27,N027,./images/N027.jpg,filter-lark,filter-moon,filter-lark,5133
4ce460c2-2e6a-49dd-b2db-738125bf3a92,arousal,2,31,45,2,N014,./images/N014.jpg,filter-gingham,filter-clarendon,filter-clarendon,4014
4ce460c2-2e6a-49dd-b2db-738125bf3a92,arousal,2,32,45,16,N027,./images/N027.jpg,filter-sutro,filter-juno,filter-sutro,4607
4ce460c2-2e6a-49dd-b2db-738125bf3a92,arousal,2,33,45,4,N093,./images/N093.jpg,filter-moon,filter-inkwell,filter-inkwell,3621
4ce460c2-2e6a-49dd-b2db-738125bf3a92,arousal,2,34,45,43,N097,./images/N097.jpg,filter-clarendon,filter-lark,filter-lark,1844
4ce460c2-2e6a-49dd-b2db-738125bf3a92,arousal,2,35,45,6,N108,./images/N108.jpg,filter-inkwell,filter-gingham,filter-inkwell,940
4ce460c2-2e6a-49dd-b2db-738125bf3a92,arousal,2,36,45,20,N088,./images/N088.jpg,filter-inkwell,filter-lofi,filter-lofi,1703
4ce460c2-2e6a-49dd-b2db-738125bf3a92,arousal,2,37,45,22,N096,./images/N096.jpg,filter-lark,filter-lofi,filter-lofi,827
4ce460c2-2e6a-49dd-b2db-738125bf3a92,arousal,2,38,45,17,N023,./images/N023.jpg,filter-lofi,filter-gingham,filter-lofi,2259
4ce460c2-2e6a-49dd-b2db-738125bf3a92,arousal,2,39,45,40,N102,./images/N102.jpg,filter-inkwell,filter-clarendon,filter-clarendon,1059
4ce460c2-2e6a-49dd-b2db-738125bf3a92,arousal,2,40,45,15,N093,./images/N093.jpg,filter-moon,filter-juno,filter-juno,1531
4ce460c2-2e6a-49dd-b2db-738125bf3a92,arousal,2,41,45,14,N030,./images/N030.jpg,filter-lofi,filter-juno,filter-juno,1497
4ce460c2-2e6a-49dd-b2db-738125bf3a92,arousal,2,42,45,1,N020,./images/N020.jpg,filter-gingham,filter-hudson,filter-hudson,2074
4ce460c2-2e6a-49dd-b2db-738125bf3a92,arousal,2,43,45,29,N017,./images/N017.jpg,filter-sutro,filter-1977,filter-1977,425
4ce460c2-2e6a-49dd-b2db-738125bf3a92,arousal,2,44,45,7,N043,./images/N043.jpg,filter-hudson,filter-moon,filter-hudson,6124
4ce460c2-2e6a-49dd-b2db-738125bf3a92,arousal,2,45,45,32,N102,./images/N102.jpg,filter-gingham,filter-lark,filter-lark,4298
c8621bc1-2b38-4c7b-bb63-4b40224877c1,arousal,1,1,45,19,N040,./images/N040.jpg,filter-juno,filter-clarendon,filter-juno,14266
c8621bc1-2b38-4c7b-bb63-4b40224877c1,arousal,1,2,45,5,N108,./images/N108.jpg,filter-1977,filter-clarendon,filter-1977,3096
c8621bc1-2b38-4c7b-bb63-4b40224877c1,arousal,1,3,45,15,N093,./images/N093.jpg,filter-moon,filter-juno,filter-juno,2348
c8621bc1-2b38-4c7b-bb63-4b40224877c1,arousal,1,4,45,27,N027,./images/N027.jpg,filter-lark,filter-moon,filter-lark,3398
c8621bc1-2b38-4c7b-bb63-4b40224877c1,arousal,1,5,45,37,N108,./images/N108.jpg,filter-sutro,filter-lark,filter-sutro,1548
c8621bc1-2b38-4c7b-bb63-4b40224877c1,arousal,1,6,45,41,N043,./images/N043.jpg,filter-inkwell,filter-sutro,filter-sutro,1564
c8621bc1-2b38-4c7b-bb63-4b40224877c1,arousal,1,7,45,36,N031,./images/N031.jpg,filter-sutro,filter-gingham,filter-gingham,2648
c8621bc1-2b38-4c7b-bb63-4b40224877c1,arousal,1,8,45,2,N014,./images/N014.jpg,filter-gingham,filter-clarendon,filter-gingham,1733
c8621bc1-2b38-4c7b-bb63-4b40224877c1,arousal,1,9,45,17,N023,./images/N023.jpg,filter-lofi,filter-gingham,filter-lofi,964
c8621bc1-2b38-4c7b-bb63-4b40224877c1,arousal,1,10,45,28,N085,./images/N085.jpg,filter-hudson,filter-lark,filter-hudson,3098
c8621bc1-2b38-4c7b-bb63-4b40224877c1,arousal,1,11,45,35,N017,./images/N017.jpg,filter-1977,filter-lofi,filter-lofi,1747
c8621bc1-2b38-4c7b-bb63-4b40224877c1,arousal,1,12,45,34,N040,./images/N040.jpg,filter-lofi,filter-moon,filter-lofi,2398
c8621bc1-2b38-4c7b-bb63-4b40224877c1,arousal,1,13,45,4,N093,./images/N093.jpg,filter-moon,filter-inkwell,filter-moon,1131
c8621bc1-2b38-4c7b-bb63-4b40224877c1,arousal,1,14,45,38,N023,./images/N023.jpg,filter-lofi,filter-sutro,filter-lofi,981
c8621bc1-2b38-4c7b-bb63-4b40224877c1,arousal,1,15,45,3,N022,./images/N022.jpg,filter-lofi,filter-hudson,filter-lofi,1564
c8621bc1-2b38-4c7b-bb63-4b40224877c1,arousal,1,16,45,30,N097,./images/N097.jpg,filter-moon,filter-1977,filter-1977,1214
c8621bc1-2b38-4c7b-bb63-4b40224877c1,arousal,1,17,45,44,N077,./images/N077.jpg,filter-juno,filter-inkwell,filter-juno,1164
c8621bc1-2b38-4c7b-bb63-4b40224877c1,arousal,1,18,45,22,N096,./images/N096.jpg,filter-lark,filter-lofi,filter-lark,2498
c8621bc1-2b38-4c7b-bb63-4b40224877c1,arousal,1,19,45,9,N022,./images/N022.jpg,filter-clarendon,filter-hudson,filter-hudson,1614
c8621bc1-2b38-4c7b-bb63-4b40224877c1,arousal,1,20,45,16,N027,./images/N027.jpg,filter-sutro,filter-juno,filter-juno,2015
c8621bc1-2b38-4c7b-bb63-4b40224877c1,arousal,1,21,45,43,N097,./images/N097.jpg,filter-clarendon,filter-lark,filter-lark,1214
c8621bc1-2b38-4c7b-bb63-4b40224877c1,arousal,1,22,45,29,N017,./images/N017.jpg,filter-sutro,filter-1977,filter-1977,864
c8621bc1-2b38-4c7b-bb63-4b40224877c1,arousal,1,23,45,14,N030,./images/N030.jpg,filter-lofi,filter-juno,filter-juno,964
c8621bc1-2b38-4c7b-bb63-4b40224877c1,arousal,1,24,45,13,N014,./images/N014.jpg,filter-moon,filter-sutro,filter-sutro,797
c8621bc1-2b38-4c7b-bb63-4b40224877c1,arousal,1,25,45,6,N108,./images/N108.jpg,filter-inkwell,filter-gingham,filter-gingham,1481
c8621bc1-2b38-4c7b-bb63-4b40224877c1,arousal,1,26,45,7,N043,./images/N043.jpg,filter-hudson,filter-moon,filter-hudson,1064
c8621bc1-2b38-4c7b-bb63-4b40224877c1,arousal,1,27,45,39,N088,./images/N088.jpg,filter-1977,filter-inkwell,filter-1977,1398
c8621bc1-2b38-4c7b-bb63-4b40224877c1,arousal,1,28,45,31,N096,./images/N096.jpg,filter-hudson,filter-inkwell,filter-hudson,981
c8621bc1-2b38-4c7b-bb63-4b40224877c1,arousal,1,29,45,33,N031,./images/N031.jpg,filter-lofi,filter-clarendon,filter-lofi,1349
c8621bc1-2b38-4c7b-bb63-4b40224877c1,arousal,1,30,45,42,N002,./images/N002.jpg,filter-1977,filter-gingham,filter-gingham,1765
c8621bc1-2b38-4c7b-bb63-4b40224877c1,arousal,1,31,45,11,N040,./images/N040.jpg,filter-juno,filter-gingham,filter-juno,1481
c8621bc1-2b38-4c7b-bb63-4b40224877c1,arousal,1,32,45,32,N102,./images/N102.jpg,filter-gingham,filter-lark,filter-gingham,932
c8621bc1-2b38-4c7b-bb63-4b40224877c1,arousal,1,33,45,8,N002,./images/N002.jpg,filter-gingham,filter-moon,filter-gingham,681
c8621bc1-2b38-4c7b-bb63-4b40224877c1,arousal,1,34,45,26,N030,./images/N030.jpg,filter-1977,filter-hudson,filter-hudson,1464
c8621bc1-2b38-4c7b-bb63-4b40224877c1,arousal,1,35,45,40,N102,./images/N102.jpg,filter-inkwell,filter-clarendon,filter-clarendon,1131
c8621bc1-2b38-4c7b-bb63-4b40224877c1,arousal,1,36,45,18,N020,./images/N020.jpg,filter-hudson,filter-sutro,filter-sutro,1131
c8621bc1-2b38-4c7b-bb63-4b40224877c1,arousal,1,37,45,23,N095,./images/N095.jpg,filter-lark,filter-1977,filter-lark,1414
c8621bc1-2b38-4c7b-bb63-4b40224877c1,arousal,1,38,45,12,N030,./images/N030.jpg,filter-juno,filter-lark,filter-juno,664
c8621bc1-2b38-4c7b-bb63-4b40224877c1,arousal,1,39,45,20,N088,./images/N088.jpg,filter-inkwell,filter-lofi,filter-lofi,1115
c8621bc1-2b38-4c7b-bb63-4b40224877c1,arousal,1,40,45,21,N097,./images/N097.jpg,filter-clarendon,filter-sutro,filter-sutro,1181
c8621bc1-2b38-4c7b-bb63-4b40224877c1,arousal,1,41,45,10,N085,./images/N085.jpg,filter-hudson,filter-juno,filter-juno,1131
c8621bc1-2b38-4c7b-bb63-4b40224877c1,arousal,1,42,45,45,N077,./images/N077.jpg,filter-clarendon,filter-moon,filter-clarendon,899
c8621bc1-2b38-4c7b-bb63-4b40224877c1,arousal,1,43,45,1,N020,./images/N020.jpg,filter-gingham,filter-hudson,filter-gingham,1547
c8621bc1-2b38-4c7b-bb63-4b40224877c1,arousal,1,44,45,24,N096,./images/N096.jpg,filter-juno,filter-1977,filter-juno,764
c8621bc1-2b38-4c7b-bb63-4b40224877c1,arousal,1,45,45,25,N095,./images/N095.jpg,filter-lark,filter-inkwell,filter-lark,681
c8621bc1-2b38-4c7b-bb63-4b40224877c1,valence,2,1,45,24,N102,./images/N102.jpg,filter-inkwell,filter-sutro,filter-sutro,2883
c8621bc1-2b38-4c7b-bb63-4b40224877c1,valence,2,2,45,8,N023,./images/N023.jpg,filter-clarendon,filter-moon,filter-clarendon,1181
c8621bc1-2b38-4c7b-bb63-4b40224877c1,valence,2,3,45,2,N030,./images/N030.jpg,filter-juno,filter-sutro,filter-juno,864
c8621bc1-2b38-4c7b-bb63-4b40224877c1,valence,2,4,45,18,N093,./images/N093.jpg,filter-clarendon,filter-gingham,filter-clarendon,764
c8621bc1-2b38-4c7b-bb63-4b40224877c1,valence,2,5,45,9,N093,./images/N093.jpg,filter-lofi,filter-hudson,filter-lofi,849
c8621bc1-2b38-4c7b-bb63-4b40224877c1,valence,2,6,45,19,N017,./images/N017.jpg,filter-inkwell,filter-moon,filter-moon,4698
c8621bc1-2b38-4c7b-bb63-4b40224877c1,valence,2,7,45,12,N088,./images/N088.jpg,filter-sutro,filter-gingham,filter-sutro,1331
c8621bc1-2b38-4c7b-bb63-4b40224877c1,valence,2,8,45,1,N027,./images/N027.jpg,filter-sutro,filter-hudson,filter-hudson,1581
c8621bc1-2b38-4c7b-bb63-4b40224877c1,valence,2,9,45,16,N097,./images/N097.jpg,filter-juno,filter-lofi,filter-juno,1397
c8621bc1-2b38-4c7b-bb63-4b40224877c1,valence,2,10,45,41,N095,./images/N095.jpg,filter-moon,filter-hudson,filter-hudson,1148
c8621bc1-2b38-4c7b-bb63-4b40224877c1,valence,2,11,45,20,N043,./images/N043.jpg,filter-lofi,filter-inkwell,filter-lofi,1181
c8621bc1-2b38-4c7b-bb63-4b40224877c1,valence,2,12,45,28,N095,./images/N095.jpg,filter-1977,filter-gingham,filter-gingham,1464
c8621bc1-2b38-4c7b-bb63-4b40224877c1,valence,2,13,45,14,N023,./images/N023.jpg,filter-lofi,filter-sutro,filter-lofi,1032
c8621bc1-2b38-4c7b-bb63-4b40224877c1,valence,2,14,45,11,N108,./images/N108.jpg,filter-1977,filter-lark,filter-lark,2181
c8621bc1-2b38-4c7b-bb63-4b40224877c1,valence,2,15,45,7,N093,./images/N093.jpg,filter-moon,filter-lark,filter-lark,1598
c8621bc1-2b38-4c7b-bb63-4b40224877c1,valence,2,16,45,30,N031,./images/N031.jpg,filter-sutro,filter-1977,filter-1977,1349
c8621bc1-2b38-4c7b-bb63-4b40224877c1,valence,2,17,45,23,N108,./images/N108.jpg,filter-gingham,filter-moon,filter-gingham,1748
c8621bc1-2b38-4c7b-bb63-4b40224877c1,valence,2,18,45,10,N022,./images/N022.jpg,filter-clarendon,filter-hudson,filter-hudson,1631
c8621bc1-2b38-4c7b-bb63-4b40224877c1,valence,2,19,45,45,N088,./images/N088.jpg,filter-hudson,filter-inkwell,filter-inkwell,1081
c8621bc1-2b38-4c7b-bb63-4b40224877c1,valence,2,20,45,21,N095,./images/N095.jpg,filter-moon,filter-1977,filter-1977,1598
c8621bc1-2b38-4c7b-bb63-4b40224877c1,valence,2,21,45,27,N014,./images/N014.jpg,filter-moon,filter-lofi,filter-lofi,965
c8621bc1-2b38-4c7b-bb63-4b40224877c1,valence,2,22,45,17,N014,./images/N014.jpg,filter-sutro,filter-clarendon,filter-sutro,1314
c8621bc1-2b38-4c7b-bb63-4b40224877c1,valence,2,23,45,34,N077,./images/N077.jpg,filter-sutro,filter-moon,filter-sutro,898
c8621bc1-2b38-4c7b-bb63-4b40224877c1,valence,2,24,45,29,N085,./images/N085.jpg,filter-lofi,filter-clarendon,filter-lofi,1148
c8621bc1-2b38-4c7b-bb63-4b40224877c1,valence,2,25,45,38,N031,./images/N031.jpg,filter-lark,filter-juno,filter-lark,1881
c8621bc1-2b38-4c7b-bb63-4b40224877c1,valence,2,26,45,37,N097,./images/N097.jpg,filter-juno,filter-moon,filter-juno,714
c8621bc1-2b38-4c7b-bb63-4b40224877c1,valence,2,27,45,44,N085,./images/N085.jpg,filter-lofi,filter-1977,filter-lofi,1431
c8621bc1-2b38-4c7b-bb63-4b40224877c1,valence,2,28,45,40,N017,./images/N017.jpg,filter-gingham,filter-lark,filter-lark,1214
c8621bc1-2b38-4c7b-bb63-4b40224877c1,valence,2,29,45,43,N020,./images/N020.jpg,filter-juno,filter-gingham,filter-juno,914
c8621bc1-2b38-4c7b-bb63-4b40224877c1,valence,2,30,45,13,N096,./images/N096.jpg,filter-hudson,filter-1977,filter-hudson,1098
c8621bc1-2b38-4c7b-bb63-4b40224877c1,valence,2,31,45,42,N040,./images/N040.jpg,filter-gingham,filter-hudson,filter-gingham,1215
c8621bc1-2b38-4c7b-bb63-4b40224877c1,valence,2,32,45,25,N022,./images/N022.jpg,filter-inkwell,filter-gingham,filter-gingham,1331
c8621bc1-2b38-4c7b-bb63-4b40224877c1,valence,2,33,45,35,N020,./images/N020.jpg,filter-hudson,filter-lark,filter-lark,948
c8621bc1-2b38-4c7b-bb63-4b40224877c1,valence,2,34,45,26,N096,./images/N096.jpg,filter-gingham,filter-lofi,filter-lofi,698
c8621bc1-2b38-4c7b-bb63-4b40224877c1,valence,2,35,45,5,N002,./images/N002.jpg,filter-inkwell,filter-clarendon,filter-clarendon,731
c8621bc1-2b38-4c7b-bb63-4b40224877c1,valence,2,36,45,36,N030,./images/N030.jpg,filter-1977,filter-clarendon,filter-clarendon,781
c8621bc1-2b38-4c7b-bb63-4b40224877c1,valence,2,37,45,15,N027,./images/N027.jpg,filter-lark,filter-sutro,filter-lark,1314
c8621bc1-2b38-4c7b-bb63-4b40224877c1,valence,2,38,45,39,N102,./images/N102.jpg,filter-inkwell,filter-juno,filter-juno,1364
c8621bc1-2b38-4c7b-bb63-4b40224877c1,valence,2,39,45,4,N040,./images/N040.jpg,filter-hudson,filter-juno,filter-juno,1948
c8621bc1-2b38-4c7b-bb63-4b40224877c1,valence,2,40,45,32,N043,./images/N043.jpg,filter-clarendon,filter-juno,filter-juno,1131
c8621bc1-2b38-4c7b-bb63-4b40224877c1,valence,2,41,45,22,N085,./images/N085.jpg,filter-lark,filter-lofi,filter-lofi,1015
c8621bc1-2b38-4c7b-bb63-4b40224877c1,valence,2,42,45,6,N096,./images/N096.jpg,filter-juno,filter-1977,filter-juno,999
c8621bc1-2b38-4c7b-bb63-4b40224877c1,valence,2,43,45,31,N022,./images/N022.jpg,filter-1977,filter-inkwell,filter-1977,980
c8621bc1-2b38-4c7b-bb63-4b40224877c1,valence,2,44,45,33,N002,./images/N002.jpg,filter-lark,filter-inkwell,filter-lark,1265
c8621bc1-2b38-4c7b-bb63-4b40224877c1,valence,2,45,45,3,N077,./images/N077.jpg,filter-lark,filter-clarendon,filter-clarendon,1098
052089c0-be8b-49cb-92d3-e6ee1384969d,arousal,1,1,45,31,N096,./images/N096.jpg,filter-hudson,filter-inkwell,filter-inkwell,29100
052089c0-be8b-49cb-92d3-e6ee1384969d,arousal,1,2,45,40,N102,./images/N102.jpg,filter-inkwell,filter-clarendon,filter-clarendon,12130
052089c0-be8b-49cb-92d3-e6ee1384969d,arousal,1,3,45,41,N043,./images/N043.jpg,filter-inkwell,filter-sutro,filter-sutro,5268
052089c0-be8b-49cb-92d3-e6ee1384969d,arousal,1,4,45,3,N022,./images/N022.jpg,filter-lofi,filter-hudson,filter-hudson,12213
052089c0-be8b-49cb-92d3-e6ee1384969d,arousal,1,5,45,11,N040,./images/N040.jpg,filter-juno,filter-gingham,filter-juno,1314
052089c0-be8b-49cb-92d3-e6ee1384969d,arousal,1,6,45,35,N017,./images/N017.jpg,filter-1977,filter-lofi,filter-1977,1482
052089c0-be8b-49cb-92d3-e6ee1384969d,arousal,1,7,45,2,N014,./images/N014.jpg,filter-gingham,filter-clarendon,filter-gingham,4684
052089c0-be8b-49cb-92d3-e6ee1384969d,arousal,1,8,45,16,N027,./images/N027.jpg,filter-sutro,filter-juno,filter-juno,1168
052089c0-be8b-49cb-92d3-e6ee1384969d,arousal,1,9,45,21,N097,./images/N097.jpg,filter-clarendon,filter-sutro,filter-clarendon,2691
052089c0-be8b-49cb-92d3-e6ee1384969d,arousal,1,10,45,6,N108,./images/N108.jpg,filter-inkwell,filter-gingham,filter-gingham,818
052089c0-be8b-49cb-92d3-e6ee1384969d,arousal,1,11,45,9,N022,./images/N022.jpg,filter-clarendon,filter-hudson,filter-hudson,892
052089c0-be8b-49cb-92d3-e6ee1384969d,arousal,1,12,45,18,N020,./images/N020.jpg,filter-hudson,filter-sutro,filter-hudson,1316
052089c0-be8b-49cb-92d3-e6ee1384969d,arousal,1,13,45,43,N097,./images/N097.jpg,filter-clarendon,filter-lark,filter-lark,979
052089c0-be8b-49cb-92d3-e6ee1384969d,arousal,1,14,45,8,N002,./images/N002.jpg,filter-gingham,filter-moon,filter-gingham,1056
052089c0-be8b-49cb-92d3-e6ee1384969d,arousal,1,15,45,7,N043,./images/N043.jpg,filter-hudson,filter-moon,filter-hudson,746
052089c0-be8b-49cb-92d3-e6ee1384969d,arousal,1,16,45,23,N095,./images/N095.jpg,filter-lark,filter-1977,filter-lark,1010
052089c0-be8b-49cb-92d3-e6ee1384969d,arousal,1,17,45,5,N108,./images/N108.jpg,filter-1977,filter-clarendon,filter-clarendon,792
052089c0-be8b-49cb-92d3-e6ee1384969d,arousal,1,18,45,20,N088,./images/N088.jpg,filter-inkwell,filter-lofi,filter-lofi,1190
052089c0-be8b-49cb-92d3-e6ee1384969d,arousal,1,19,45,39,N088,./images/N088.jpg,filter-1977,filter-inkwell,filter-1977,905
052089c0-be8b-49cb-92d3-e6ee1384969d,arousal,1,20,45,22,N096,./images/N096.jpg,filter-lark,filter-lofi,filter-lark,1644
052089c0-be8b-49cb-92d3-e6ee1384969d,arousal,1,21,45,12,N030,./images/N030.jpg,filter-juno,filter-lark,filter-lark,1582
052089c0-be8b-49cb-92d3-e6ee1384969d,arousal,1,22,45,36,N031,./images/N031.jpg,filter-sutro,filter-gingham,filter-gingham,998
052089c0-be8b-49cb-92d3-e6ee1384969d,arousal,1,23,45,26,N030,./images/N030.jpg,filter-1977,filter-hudson,filter-hudson,881
052089c0-be8b-49cb-92d3-e6ee1384969d,arousal,1,24,45,14,N030,./images/N030.jpg,filter-lofi,filter-juno,filter-lofi,2872
052089c0-be8b-49cb-92d3-e6ee1384969d,arousal,1,25,45,4,N093,./images/N093.jpg,filter-moon,filter-inkwell,filter-moon,1220
052089c0-be8b-49cb-92d3-e6ee1384969d,arousal,1,26,45,15,N093,./images/N093.jpg,filter-moon,filter-juno,filter-juno,882
052089c0-be8b-49cb-92d3-e6ee1384969d,arousal,1,27,45,28,N085,./images/N085.jpg,filter-hudson,filter-lark,filter-hudson,1465
052089c0-be8b-49cb-92d3-e6ee1384969d,arousal,1,28,45,45,N077,./images/N077.jpg,filter-clarendon,filter-moon,filter-clarendon,1025
052089c0-be8b-49cb-92d3-e6ee1384969d,arousal,1,29,45,38,N023,./images/N023.jpg,filter-lofi,filter-sutro,filter-lofi,2069
052089c0-be8b-49cb-92d3-e6ee1384969d,arousal,1,30,45,19,N040,./images/N040.jpg,filter-juno,filter-clarendon,filter-juno,9882
052089c0-be8b-49cb-92d3-e6ee1384969d,arousal,1,31,45,25,N095,./images/N095.jpg,filter-lark,filter-inkwell,filter-lark,763
052089c0-be8b-49cb-92d3-e6ee1384969d,arousal,1,32,45,1,N020,./images/N020.jpg,filter-gingham,filter-hudson,filter-gingham,927
052089c0-be8b-49cb-92d3-e6ee1384969d,arousal,1,33,45,29,N017,./images/N017.jpg,filter-sutro,filter-1977,filter-1977,2417
052089c0-be8b-49cb-92d3-e6ee1384969d,arousal,1,34,45,34,N040,./images/N040.jpg,filter-lofi,filter-moon,filter-lofi,1583
052089c0-be8b-49cb-92d3-e6ee1384969d,arousal,1,35,45,13,N014,./images/N014.jpg,filter-moon,filter-sutro,filter-sutro,693
052089c0-be8b-49cb-92d3-e6ee1384969d,arousal,1,36,45,42,N002,./images/N002.jpg,filter-1977,filter-gingham,filter-gingham,2489
052089c0-be8b-49cb-92d3-e6ee1384969d,arousal,1,37,45,24,N096,./images/N096.jpg,filter-juno,filter-1977,filter-juno,2145
052089c0-be8b-49cb-92d3-e6ee1384969d,arousal,1,38,45,32,N102,./images/N102.jpg,filter-gingham,filter-lark,filter-lark,911
052089c0-be8b-49cb-92d3-e6ee1384969d,arousal,1,39,45,37,N108,./images/N108.jpg,filter-sutro,filter-lark,filter-lark,592
052089c0-be8b-49cb-92d3-e6ee1384969d,arousal,1,40,45,33,N031,./images/N031.jpg,filter-lofi,filter-clarendon,filter-clarendon,728
052089c0-be8b-49cb-92d3-e6ee1384969d,arousal,1,41,45,10,N085,./images/N085.jpg,filter-hudson,filter-juno,filter-juno,626
052089c0-be8b-49cb-92d3-e6ee1384969d,arousal,1,42,45,17,N023,./images/N023.jpg,filter-lofi,filter-gingham,filter-lofi,914
052089c0-be8b-49cb-92d3-e6ee1384969d,arousal,1,43,45,44,N077,./images/N077.jpg,filter-juno,filter-inkwell,filter-juno,790
052089c0-be8b-49cb-92d3-e6ee1384969d,arousal,1,44,45,30,N097,./images/N097.jpg,filter-moon,filter-1977,filter-1977,585
052089c0-be8b-49cb-92d3-e6ee1384969d,arousal,1,45,45,27,N027,./images/N027.jpg,filter-lark,filter-moon,filter-lark,607
052089c0-be8b-49cb-92d3-e6ee1384969d,valence,2,1,45,9,N093,./images/N093.jpg,filter-lofi,filter-hudson,filter-lofi,1719
052089c0-be8b-49cb-92d3-e6ee1384969d,valence,2,2,45,10,N022,./images/N022.jpg,filter-clarendon,filter-hudson,filter-clarendon,298
052089c0-be8b-49cb-92d3-e6ee1384969d,valence,2,3,45,22,N085,./images/N085.jpg,filter-lark,filter-lofi,filter-lark,722
052089c0-be8b-49cb-92d3-e6ee1384969d,valence,2,4,45,39,N102,./images/N102.jpg,filter-inkwell,filter-juno,filter-juno,494
052089c0-be8b-49cb-92d3-e6ee1384969d,valence,2,5,45,34,N077,./images/N077.jpg,filter-sutro,filter-moon,filter-sutro,585
052089c0-be8b-49cb-92d3-e6ee1384969d,valence,2,6,45,35,N020,./images/N020.jpg,filter-hudson,filter-lark,filter-hudson,334
052089c0-be8b-49cb-92d3-e6ee1384969d,valence,2,7,45,3,N077,./images/N077.jpg,filter-lark,filter-clarendon,filter-clarendon,419
052089c0-be8b-49cb-92d3-e6ee1384969d,valence,2,8,45,18,N093,./images/N093.jpg,filter-clarendon,filter-gingham,filter-clarendon,278
052089c0-be8b-49cb-92d3-e6ee1384969d,valence,2,9,45,30,N031,./images/N031.jpg,filter-sutro,filter-1977,filter-sutro,572
052089c0-be8b-49cb-92d3-e6ee1384969d,valence,2,10,45,12,N088,./images/N088.jpg,filter-sutro,filter-gingham,filter-gingham,550
052089c0-be8b-49cb-92d3-e6ee1384969d,valence,2,11,45,2,N030,./images/N030.jpg,filter-juno,filter-sutro,filter-juno,283
052089c0-be8b-49cb-92d3-e6ee1384969d,valence,2,12,45,6,N096,./images/N096.jpg,filter-juno,filter-1977,filter-juno,418
052089c0-be8b-49cb-92d3-e6ee1384969d,valence,2,13,45,20,N043,./images/N043.jpg,filter-lofi,filter-inkwell,filter-lofi,415
052089c0-be8b-49cb-92d3-e6ee1384969d,valence,2,14,45,5,N002,./images/N002.jpg,filter-inkwell,filter-clarendon,filter-clarendon,721
052089c0-be8b-49cb-92d3-e6ee1384969d,valence,2,15,45,25,N022,./images/N022.jpg,filter-inkwell,filter-gingham,filter-gingham,774
052089c0-be8b-49cb-92d3-e6ee1384969d,valence,2,16,45,31,N022,./images/N022.jpg,filter-1977,filter-inkwell,filter-1977,408
052089c0-be8b-49cb-92d3-e6ee1384969d,valence,2,17,45,36,N030,./images/N030.jpg,filter-1977,filter-clarendon,filter-1977,291
052089c0-be8b-49cb-92d3-e6ee1384969d,valence,2,18,45,42,N040,./images/N040.jpg,filter-gingham,filter-hudson,filter-hudson,402
052089c0-be8b-49cb-92d3-e6ee1384969d,valence,2,19,45,32,N043,./images/N043.jpg,filter-clarendon,filter-juno,filter-juno,840
052089c0-be8b-49cb-92d3-e6ee1384969d,valence,2,20,45,41,N095,./images/N095.jpg,filter-moon,filter-hudson,filter-hudson,1316
052089c0-be8b-49cb-92d3-e6ee1384969d,valence,2,21,45,19,N017,./images/N017.jpg,filter-inkwell,filter-moon,filter-moon,592
052089c0-be8b-49cb-92d3-e6ee1384969d,valence,2,22,45,38,N031,./images/N031.jpg,filter-lark,filter-juno,filter-juno,669
052089c0-be8b-49cb-92d3-e6ee1384969d,valence,2,23,45,21,N095,./images/N095.jpg,filter-moon,filter-1977,filter-1977,475
052089c0-be8b-49cb-92d3-e6ee1384969d,valence,2,24,45,23,N108,./images/N108.jpg,filter-gingham,filter-moon,filter-moon,617
052089c0-be8b-49cb-92d3-e6ee1384969d,valence,2,25,45,7,N093,./images/N093.jpg,filter-moon,filter-lark,filter-lark,579
052089c0-be8b-49cb-92d3-e6ee1384969d,valence,2,26,45,13,N096,./images/N096.jpg,filter-hudson,filter-1977,filter-hudson,902
052089c0-be8b-49cb-92d3-e6ee1384969d,valence,2,27,45,45,N088,./images/N088.jpg,filter-hudson,filter-inkwell,filter-hudson,1091
052089c0-be8b-49cb-92d3-e6ee1384969d,valence,2,28,45,44,N085,./images/N085.jpg,filter-lofi,filter-1977,filter-lofi,929
052089c0-be8b-49cb-92d3-e6ee1384969d,valence,2,29,45,43,N020,./images/N020.jpg,filter-juno,filter-gingham,filter-juno,988
052089c0-be8b-49cb-92d3-e6ee1384969d,valence,2,30,45,11,N108,./images/N108.jpg,filter-1977,filter-lark,filter-lark,667
052089c0-be8b-49cb-92d3-e6ee1384969d,valence,2,31,45,17,N014,./images/N014.jpg,filter-sutro,filter-clarendon,filter-sutro,851
052089c0-be8b-49cb-92d3-e6ee1384969d,valence,2,32,45,1,N027,./images/N027.jpg,filter-sutro,filter-hudson,filter-hudson,869
052089c0-be8b-49cb-92d3-e6ee1384969d,valence,2,33,45,4,N040,./images/N040.jpg,filter-hudson,filter-juno,filter-juno,739
052089c0-be8b-49cb-92d3-e6ee1384969d,valence,2,34,45,29,N085,./images/N085.jpg,filter-lofi,filter-clarendon,filter-clarendon,658
052089c0-be8b-49cb-92d3-e6ee1384969d,valence,2,35,45,40,N017,./images/N017.jpg,filter-gingham,filter-lark,filter-lark,809
052089c0-be8b-49cb-92d3-e6ee1384969d,valence,2,36,45,15,N027,./images/N027.jpg,filter-lark,filter-sutro,filter-lark,1383
052089c0-be8b-49cb-92d3-e6ee1384969d,valence,2,37,45,16,N097,./images/N097.jpg,filter-juno,filter-lofi,filter-juno,1142
052089c0-be8b-49cb-92d3-e6ee1384969d,valence,2,38,45,28,N095,./images/N095.jpg,filter-1977,filter-gingham,filter-1977,867
052089c0-be8b-49cb-92d3-e6ee1384969d,valence,2,39,45,14,N023,./images/N023.jpg,filter-lofi,filter-sutro,filter-lofi,878
052089c0-be8b-49cb-92d3-e6ee1384969d,valence,2,40,45,37,N097,./images/N097.jpg,filter-juno,filter-moon,filter-juno,616
052089c0-be8b-49cb-92d3-e6ee1384969d,valence,2,41,45,33,N002,./images/N002.jpg,filter-lark,filter-inkwell,filter-lark,577
052089c0-be8b-49cb-92d3-e6ee1384969d,valence,2,42,45,26,N096,./images/N096.jpg,filter-gingham,filter-lofi,filter-lofi,711
052089c0-be8b-49cb-92d3-e6ee1384969d,valence,2,43,45,24,N102,./images/N102.jpg,filter-inkwell,filter-sutro,filter-sutro,857
052089c0-be8b-49cb-92d3-e6ee1384969d,valence,2,44,45,8,N023,./images/N023.jpg,filter-clarendon,filter-moon,filter-clarendon,669
052089c0-be8b-49cb-92d3-e6ee1384969d,valence,2,45,45,27,N014,./images/N014.jpg,filter-moon,filter-lofi,filter-moon,723